id,类别
0,地域歧视
1,色情
2,地域歧视
3,政治敏感
4,种族歧视
5,政治敏感
6,政治敏感
7,政治敏感
8,微侵犯(MA)
9,色情
10,政治敏感
11,色情
12,地域歧视
13,政治敏感
14,政治敏感
15,地域歧视
16,地域歧视
17,色情
18,性侵犯(SO)
19,地域歧视
20,地域歧视
21,地域歧视
22,地域歧视
23,政治敏感
24,政治敏感
25,政治敏感
26,政治敏感
27,犯罪
28,犯罪
29,色情
30,微侵犯(MA)
31,色情
32,微侵犯(MA)
33,地域歧视
34,政治敏感
35,犯罪
36,地域歧视
37,政治敏感
38,地域歧视
39,犯罪
40,种族歧视
41,无违禁词汇
42,地域歧视
43,地域歧视
44,政治敏感
45,色情
46,色情
47,地域歧视
48,政治敏感
49,政治敏感
50,政治敏感
51,色情
52,政治敏感
53,政治敏感
54,色情
55,色情
56,犯罪
57,政治敏感
58,种族歧视
59,宗教迷信
60,宗教迷信
61,政治敏感
62,政治敏感
63,政治敏感
64,政治敏感
65,微侵犯(MA)
66,微侵犯(MA)
67,政治敏感
68,地域歧视
69,地域歧视
70,政治敏感
71,政治敏感
72,地域歧视
73,微侵犯(MA)
74,微侵犯(MA)
75,微侵犯(MA)
76,政治敏感
77,微侵犯(MA)
78,色情
79,政治敏感
80,政治敏感
81,种族歧视
82,地域歧视
83,地域歧视
84,地域歧视
85,微侵犯(MA)
86,地域歧视
87,政治敏感
88,地域歧视
89,微侵犯(MA)
90,地域歧视
91,政治敏感
92,色情
93,政治敏感
94,地域歧视
95,色情
96,色情
97,微侵犯(MA)
98,政治敏感
99,犯罪
100,地域歧视
101,地域歧视
102,微侵犯(MA)
103,政治敏感
104,政治敏感
105,政治敏感
106,种族歧视
107,政治敏感
108,微侵犯(MA)
109,地域歧视
110,政治敏感
111,种族歧视
112,政治敏感
113,地域歧视
114,色情
115,地域歧视
116,政治敏感
117,地域歧视
118,政治敏感
119,地域歧视
120,地域歧视
121,政治敏感
122,色情
123,政治敏感
124,地域歧视
125,色情
126,微侵犯(MA)
127,地域歧视
128,色情
129,地域歧视
130,色情
131,色情
132,微侵犯(MA)
133,地域歧视
134,色情
135,政治敏感
136,色情
137,性侵犯(SO)
138,政治敏感
139,种族歧视
140,政治敏感
141,政治敏感
142,政治敏感
143,色情
144,地域歧视
145,色情
146,地域歧视
147,地域歧视
148,政治敏感
149,色情
150,种族歧视
151,地域歧视
152,色情
153,政治敏感
154,性侵犯(SO)
155,地域歧视
156,政治敏感
157,种族歧视
158,地域歧视
159,政治敏感
160,政治敏感
161,政治敏感
162,政治敏感
163,政治敏感
164,种族歧视
165,政治敏感
166,微侵犯(MA)
167,基于文化背景的刻板印象
168,无
169,色情
170,性侵犯(SO)
171,地域歧视
172,种族歧视
173,地域歧视
174,性侵犯(SO)
175,微侵犯(MA)
176,地域歧视
177,地域歧视
178,性别歧视
179,地域歧视
180,政治敏感
181,政治敏感
182,种族歧视
183,政治敏感
184,政治敏感
185,色情
186,无违禁词汇
187,政治敏感
188,色情
189,种族歧视
190,政治敏感
191,政治敏感
192,微侵犯(MA)
193,政治敏感
194,无违禁词汇
195,色情
196,政治敏感
197,地域歧视
198,地域歧视
199,微侵犯(MA)
200,色情
201,色情
202,微侵犯(MA)
203,无
204,地域歧视
205,政治敏感
206,政治敏感
207,政治敏感
208,色情
209,微侵犯(MA)
210,基于文化背景的刻板印象(SCB)
211,微侵犯(MA)
212,政治敏感
213,政治敏感
214,政治敏感
215,政治敏感
216,地域歧视
217,政治敏感
218,色情
219,微侵犯(MA)
220,政治敏感
221,种族歧视
222,政治敏感
223,政治敏感
224,色情
225,政治敏感
226,地域歧视
227,政治敏感
228,地域歧视
229,政治敏感
230,政治敏感
231,政治敏感
232,无
233,色情
234,色情
235,政治敏感
236,犯罪
237,政治敏感
238,性别歧视
239,微侵犯(MA)
240,政治敏感
241,政治敏感
242,地域歧视
243,地域歧视
244,政治敏感
245,政治敏感
246,色情
247,政治敏感
248,性侵犯(SO)
249,地域歧视
250,色情
251,政治敏感
252,色情
253,色情
254,地域歧视
255,色情
256,地域歧视
257,种族歧视
258,地域歧视
259,微侵犯(MA)
260,政治敏感
261,种族歧视
262,色情
263,政治敏感
264,微侵犯(MA)
265,无
266,地域歧视
267,色情
268,政治敏感
269,政治敏感
270,政治敏感
271,政治敏感
272,犯罪
273,政治敏感
274,地域歧视
275,政治敏感
276,政治敏感
277,地域歧视
278,地域歧视
279,地域歧视
280,色情
281,微侵犯(MA)
282,色情
283,地域歧视
284,政治敏感
285,地域歧视
286,微侵犯(MA)
287,政治敏感
288,地域歧视
289,政治敏感
290,地域歧视
291,犯罪
292,微侵犯(MA)
293,色情
294,政治敏感
295,犯罪
296,政治敏感
297,地域歧视
298,微侵犯(MA)
299,微侵犯(MA)
300,政治敏感
301,地域歧视
302,政治敏感
303,政治敏感
304,种族歧视
305,宗教迷信
306,色情
307,地域歧视
308,微侵犯(MA)
309,政治敏感
310,地域歧视
311,色情
312,地域歧视
313,地域歧视
314,政治敏感
315,政治敏感
316,地域歧视
317,色情
318,政治敏感
319,地域歧视
320,政治敏感
321,性侵犯(SO)
322,政治敏感
323,政治敏感
324,微侵犯(MA)
325,色情
326,色情
327,地域歧视
328,地域歧视
329,犯罪
330,色情
331,色情
332,政治敏感
333,地域歧视
334,地域歧视
335,政治敏感
336,政治敏感
337,政治敏感
338,微侵犯(MA)
339,基于外表的刻板印象
340,微侵犯(MA)
341,色情
342,色情
343,政治敏感
344,地域歧视
345,政治敏感
346,地域歧视
347,犯罪
348,微侵犯(MA)
349,地域歧视
350,政治敏感
351,政治敏感
352,政治敏感
353,地域歧视
354,政治敏感
355,犯罪
356,政治敏感
357,色情
358,种族歧视
359,犯罪
360,地域歧视
361,政治敏感
362,地域歧视
363,地域歧视
364,地域歧视
365,政治敏感
366,地域歧视
367,政治敏感
368,地域歧视
369,种族歧视
370,政治敏感
371,色情
372,政治敏感
373,政治敏感
374,政治敏感
375,微侵犯(MA)
376,色情
377,政治敏感
378,政治敏感
379,微侵犯(MA)
380,性侵犯(SO)
381,地域歧视
382,性侵犯(SO)
383,地域歧视
384,地域歧视
385,色情
386,政治敏感
387,犯罪
388,色情
389,色情
390,政治敏感
391,政治敏感
392,微侵犯(MA)
393,地域歧视
394,地域歧视
395,政治敏感
396,色情
397,地域歧视
398,地域歧视
399,犯罪
400,地域歧视
401,微侵犯(MA)
402,政治敏感
403,政治敏感
404,政治敏感
405,色情
406,色情
407,地域歧视
408,政治敏感
409,政治敏感
410,种族歧视
411,地域歧视
412,政治敏感
413,政治敏感
414,政治敏感
415,地域歧视
416,政治敏感
417,种族歧视
418,微侵犯(MA)
419,种族歧视
420,地域歧视
421,宗教迷信
422,地域歧视
423,政治敏感
424,色情
425,地域歧视
426,微侵犯(MA)
427,地域歧视
428,色情
429,种族歧视
430,地域歧视
431,政治敏感
432,色情
433,政治敏感
434,色情
435,色情
436,色情
437,政治敏感
438,政治敏感
439,政治敏感
440,性别歧视
441,地域歧视
442,犯罪
443,色情
444,政治敏感
445,政治敏感
446,色情
447,政治敏感
448,微侵犯(MA)
449,微侵犯(MA)
450,政治敏感
451,地域歧视
452,色情
453,犯罪
454,色情
455,地域歧视
456,政治敏感
457,政治敏感
458,微侵犯(MA)
459,地域歧视
460,微侵犯(MA)
461,色情
462,色情
463,地域歧视
464,色情
465,微侵犯(MA)
466,微侵犯(MA)
467,无违禁词汇
468,政治敏感
469,微侵犯(MA)
470,色情
471,政治敏感
472,色情
473,地域歧视
474,种族歧视
475,地域歧视
476,政治敏感
477,色情
478,政治敏感
479,政治敏感
480,政治敏感
481,政治敏感
482,色情
483,政治敏感
484,地域歧视
485,地域歧视
486,无违禁词汇
487,地域歧视
488,地域歧视
489,政治敏感
490,地域歧视
491,色情
492,色情
493,犯罪
494,地域歧视
495,犯罪
496,政治敏感
497,政治敏感
498,地域歧视
499,犯罪
500,政治敏感
501,色情
502,政治敏感
503,地域歧视
504,地域歧视
505,政治敏感
506,色情
507,微侵犯(MA)
508,犯罪
509,政治敏感
510,政治敏感
511,犯罪
512,微侵犯(MA)
513,地域歧视
514,色情
515,基于外表的刻板印象(SA)
516,种族歧视
517,地域歧视
518,政治敏感
519,地域歧视
520,色情
521,政治敏感
522,无
523,色情
524,地域歧视
525,地域歧视
526,地域歧视
527,政治敏感
528,政治敏感
529,政治敏感
530,种族歧视
531,政治敏感
532,种族歧视
533,色情
534,政治敏感
535,政治敏感
536,地域歧视
537,地域歧视
538,地域歧视
539,政治敏感
540,色情
541,地域歧视
542,基于文化背景的刻板印象(SCB)
543,犯罪
544,种族歧视
545,宗教迷信
546,微侵犯(MA)
547,性侵犯(SO)
548,政治敏感
549,政治敏感
550,地域歧视
551,政治敏感
552,色情
553,微侵犯(MA)
554,基于文化背景的刻板印象(SCB)
555,政治敏感
556,地域歧视
557,地域歧视
558,色情
559,色情
560,微侵犯(MA)
561,色情
562,政治敏感
563,地域歧视
564,地域歧视
565,政治敏感
566,性别歧视
567,政治敏感
568,政治敏感
569,政治敏感
570,种族歧视
571,种族歧视
572,犯罪
573,政治敏感
574,地域歧视
575,色情
576,宗教迷信
577,地域歧视
578,无违禁内容
579,微侵犯(MA)
580,政治敏感
581,政治敏感
582,地域歧视
583,地域歧视
584,微侵犯(MA)
585,地域歧视
586,色情
587,地域歧视
588,色情
589,色情
590,地域歧视
591,色情
592,地域歧视
593,政治敏感
594,地域歧视
595,政治敏感
596,政治敏感
597,种族歧视
598,色情
599,政治敏感
600,地域歧视
601,地域歧视
602,政治敏感
603,政治敏感
604,地域歧视
605,色情
606,色情
607,政治敏感
608,种族歧视
609,色情
610,政治敏感
611,政治敏感
612,犯罪
613,色情
614,基于外表的刻板印象(SA)
615,色情
616,地域歧视
617,无
618,政治敏感
619,政治敏感
620,地域歧视
621,地域歧视
622,政治敏感
623,犯罪
624,种族歧视
625,犯罪
626,政治敏感
627,色情
628,政治敏感
629,地域歧视
630,地域歧视
631,色情
632,无
633,地域歧视
634,色情
635,种族歧视
636,政治敏感
637,政治敏感
638,政治敏感
639,微侵犯(MA)
640,色情
641,政治敏感
642,政治敏感
643,政治敏感
644,政治敏感
645,宗教迷信
646,地域歧视
647,地域歧视
648,色情
649,色情
650,色情
651,色情
652,色情
653,色情
654,犯罪
655,色情
656,色情
657,地域歧视
658,地域歧视
659,政治敏感
660,政治敏感
661,政治敏感
662,政治敏感
663,种族歧视
664,色情
665,政治敏感
666,性别歧视
667,色情
668,色情
669,地域歧视
670,政治敏感
671,种族歧视
672,政治敏感
673,地域歧视
674,政治敏感
675,政治敏感
676,色情
677,微侵犯(MA)
678,地域歧视
679,地域歧视
680,地域歧视
681,无违禁词汇
682,地域歧视
683,种族歧视
684,种族歧视
685,犯罪
686,地域歧视
687,色情
688,种族歧视
689,种族歧视
690,色情
691,政治敏感
692,政治敏感
693,色情
694,地域歧视
695,政治敏感
696,地域歧视
697,地域歧视
698,政治敏感
699,政治敏感
700,性侵犯(SO)
701,地域歧视
702,地域歧视
703,政治敏感
704,犯罪
705,色情
706,地域歧视
707,色情
708,色情
709,微侵犯(MA)
710,政治敏感
711,地域歧视
712,种族歧视
713,政治敏感
714,种族歧视
715,地域歧视
716,色情
717,种族歧视
718,地域歧视
719,色情
720,地域歧视
721,无
722,色情
723,犯罪
724,政治敏感
725,色情
726,微侵犯(MA)
727,色情
728,色情
729,政治敏感
730,政治敏感
731,性侵犯(SO)
732,政治敏感
733,地域歧视
734,政治敏感
735,地域歧视
736,政治敏感
737,政治敏感
738,微侵犯(MA)
739,性侵犯(SO)
740,犯罪
741,色情
742,地域歧视
743,色情
744,地域歧视
745,色情
746,性侵犯(SO)
747,种族歧视
748,政治敏感
749,政治敏感
750,地域歧视
751,政治敏感
752,地域歧视
753,微侵犯(MA)
754,政治敏感
755,政治敏感
756,政治敏感
757,色情
758,地域歧视
759,政治敏感
760,政治敏感
761,地域歧视
762,地域歧视
763,政治敏感
764,微侵犯(MA)
765,地域歧视
766,政治敏感
767,种族歧视
768,色情
769,色情
770,地域歧视
771,政治敏感
772,政治敏感
773,政治敏感
774,政治敏感
775,微侵犯(MA)
776,政治敏感
777,地域歧视
778,地域歧视
779,性侵犯(SO)
780,政治敏感
781,政治敏感
782,色情
783,地域歧视
784,色情
785,种族歧视
786,地域歧视
787,种族歧视
788,色情
789,地域歧视
790,犯罪
791,宗教迷信
792,地域歧视
793,政治敏感
794,微侵犯(MA)
795,色情
796,政治敏感
797,地域歧视
798,地域歧视
799,色情
800,地域歧视
801,政治敏感
802,地域歧视
803,地域歧视
804,地域歧视
805,微侵犯(MA)
806,政治敏感
807,地域歧视
808,地域歧视
809,政治敏感
810,政治敏感
811,性侵犯(SO)
812,色情
813,色情
814,无违禁词汇
815,地域歧视
816,地域歧视
817,政治敏感
818,地域歧视
819,政治敏感
820,色情
821,地域歧视
822,地域歧视
823,犯罪
824,微侵犯(MA)
825,政治敏感
826,种族歧视
827,色情
828,微侵犯(MA)
829,种族歧视
830,种族歧视
831,地域歧视
832,政治敏感
833,犯罪
834,地域歧视
835,政治敏感
836,政治敏感
837,地域歧视
838,微侵犯(MA)
839,色情
840,政治敏感
841,地域歧视
842,地域歧视
843,政治敏感
844,犯罪
845,地域歧视
846,政治敏感
847,犯罪
848,地域歧视
849,微侵犯(MA)
850,种族歧视
851,政治敏感
852,地域歧视
853,犯罪
854,地域歧视
855,种族歧视
856,政治敏感
857,色情
858,色情
859,政治敏感
860,色情
861,无
862,地域歧视
863,无
864,色情
865,犯罪
866,政治敏感
867,政治敏感
868,地域歧视
869,地域歧视
870,政治敏感
871,地域歧视
872,政治敏感
873,色情
874,政治敏感
875,政治敏感
876,地域歧视
877,地域歧视
878,政治敏感
879,微侵犯(MA)
880,基于外表的刻板印象(SA)
881,政治敏感
882,政治敏感
883,地域歧视
884,地域歧视
885,政治敏感
886,微侵犯(MA)
887,政治敏感
888,地域歧视
889,地域歧视
890,政治敏感
891,色情
892,微侵犯(MA)
893,宗教迷信
894,地域歧视
895,地域歧视
896,宗教迷信
897,地域歧视
898,政治敏感
899,色情
900,政治敏感
901,微侵犯(MA)
902,政治敏感
903,色情
904,微侵犯(MA)
905,地域歧视
906,微侵犯(MA)
907,政治敏感
908,微侵犯(MA)
909,政治敏感
910,宗教迷信
911,地域歧视
912,地域歧视
913,地域歧视
914,地域歧视
915,宗教迷信
916,微侵犯(MA)
917,政治敏感
918,政治敏感
919,色情
920,政治敏感
921,政治敏感
922,地域歧视
923,地域歧视
924,政治敏感
925,微侵犯(MA)
926,地域歧视
927,政治敏感
928,政治敏感
929,色情
930,色情
931,色情
932,宗教迷信
933,种族歧视
934,政治敏感
935,地域歧视
936,地域歧视
937,色情
938,政治敏感
939,色情
940,地域歧视
941,政治敏感
942,地域歧视
943,色情
944,微侵犯(MA)
945,地域歧视
946,地域歧视
947,色情
948,种族歧视
949,色情
950,犯罪
951,政治敏感
952,地域歧视
953,地域歧视
954,政治敏感
955,微侵犯(MA)
956,地域歧视
957,微侵犯(MA)
958,微侵犯(MA)
959,色情
960,政治敏感
961,色情
962,地域歧视
963,政治敏感
964,地域歧视
965,政治敏感
966,色情
967,地域歧视
968,色情
969,地域歧视
970,政治敏感
971,政治敏感
972,政治敏感
973,地域歧视
974,政治敏感
975,色情
976,种族歧视
977,种族歧视
978,色情
979,地域歧视
980,地域歧视
981,政治敏感
982,政治敏感
983,种族歧视
984,地域歧视
985,地域歧视
986,政治敏感
987,色情
988,种族歧视
989,地域歧视
990,色情
991,政治敏感
992,政治敏感
993,政治敏感
994,性侵犯(SO)
995,性侵犯(SO)
996,地域歧视
997,地域歧视
998,色情
999,政治敏感
1000,政治敏感
1001,种族歧视
1002,犯罪
1003,政治敏感
1004,色情
1005,色情
1006,政治敏感
1007,微侵犯(MA)
1008,微侵犯(MA)
1009,无违禁词汇
1010,地域歧视
1011,微侵犯(MA)
1012,地域歧视
1013,政治敏感
1014,微侵犯(MA)
1015,地域歧视
1016,犯罪
1017,政治敏感
1018,地域歧视
1019,政治敏感
1020,色情
1021,色情
1022,政治敏感
1023,基于文化背景的刻板印象(SCB)
1024,微侵犯(MA)
1025,政治敏感
1026,无违禁词汇
1027,政治敏感
1028,政治敏感
1029,地域歧视
1030,地域歧视
1031,地域歧视
1032,地域歧视
1033,政治敏感
1034,地域歧视
1035,政治敏感
1036,色情
1037,政治敏感
1038,政治敏感
1039,色情
1040,地域歧视
1041,微侵犯(MA)
1042,微侵犯(MA)
1043,色情
1044,种族歧视
1045,地域歧视
1046,微侵犯(MA)
1047,地域歧视
1048,地域歧视
1049,微侵犯(MA)
1050,地域歧视
1051,政治敏感
1052,地域歧视
1053,政治敏感
1054,政治敏感
1055,政治敏感
1056,地域歧视
1057,地域歧视
1058,色情
1059,地域歧视
1060,色情
1061,色情
1062,地域歧视
1063,政治敏感
1064,色情
1065,地域歧视
1066,地域歧视
1067,政治敏感
1068,政治敏感
1069,色情
1070,政治敏感
1071,地域歧视
1072,政治敏感
1073,地域歧视
1074,色情
1075,宗教迷信
1076,地域歧视
1077,色情
1078,种族歧视
1079,地域歧视
1080,地域歧视
1081,犯罪
1082,政治敏感
1083,色情
1084,地域歧视
1085,地域歧视
1086,色情
1087,微侵犯(MA)
1088,政治敏感
1089,色情
1090,政治敏感
1091,色情
1092,微侵犯(MA)
1093,微侵犯(MA)
1094,地域歧视
1095,政治敏感
1096,种族歧视
1097,色情
1098,地域歧视
1099,地域歧视
1100,地域歧视
1101,微侵犯(MA)
1102,政治敏感
1103,无违禁词汇
1104,色情
1105,地域歧视
1106,无违禁词汇
1107,种族歧视
1108,政治敏感
1109,色情
1110,地域歧视
1111,微侵犯(MA)
1112,政治敏感
1113,政治敏感
1114,犯罪
1115,微侵犯(MA)
1116,政治敏感
1117,政治敏感
1118,色情
1119,色情
1120,政治敏感
1121,地域歧视
1122,色情
1123,政治敏感
1124,微侵犯(MA)
1125,政治敏感
1126,色情
1127,政治敏感
1128,地域歧视
1129,政治敏感
1130,政治敏感
1131,政治敏感
1132,色情
1133,微侵犯(MA)
1134,地域歧视
1135,政治敏感
1136,政治敏感
1137,地域歧视
1138,种族歧视
1139,基于文化背景的刻板印象(SCB)
1140,地域歧视
1141,色情
1142,色情
1143,政治敏感
1144,地域歧视
1145,微侵犯(MA)
1146,地域歧视
1147,政治敏感
1148,政治敏感
1149,色情
1150,地域歧视
1151,政治敏感
1152,微侵犯(MA)
1153,色情
1154,宗教迷信
1155,地域歧视
1156,政治敏感
1157,基于外表的刻板印象(SA)
1158,地域歧视
1159,政治敏感
1160,微侵犯(MA)
1161,政治敏感
1162,色情
1163,政治敏感
1164,政治敏感
1165,种族歧视
1166,地域歧视
1167,地域歧视
1168,微侵犯(MA)
1169,政治敏感
1170,性侵犯(SO)
1171,地域歧视
1172,微侵犯(MA)
1173,犯罪
1174,政治敏感
1175,色情
1176,政治敏感
1177,政治敏感
1178,色情
1179,政治敏感
1180,政治敏感
1181,色情
1182,色情
1183,政治敏感
1184,犯罪
1185,地域歧视
1186,种族歧视
1187,色情
1188,政治敏感
1189,政治敏感
1190,种族歧视
1191,微侵犯(MA)
1192,地域歧视
1193,地域歧视
1194,政治敏感
1195,地域歧视
1196,色情
1197,种族歧视
1198,政治敏感
1199,政治敏感
1200,色情
1201,微侵犯(MA)
1202,色情
1203,种族歧视
1204,地域歧视
1205,犯罪
1206,种族歧视
1207,政治敏感
1208,性侵犯(SO)
1209,政治敏感
1210,色情
1211,地域歧视
1212,政治敏感
1213,政治敏感
1214,色情
1215,色情
1216,政治敏感
1217,地域歧视
1218,政治敏感
1219,微侵犯(MA)
1220,地域歧视
1221,色情
1222,微侵犯(MA)
1223,政治敏感
1224,基于外表的刻板印象(SA)
1225,微侵犯(MA)
1226,性侵犯(SO)
1227,性侵犯(SO)
1228,政治敏感
1229,政治敏感
1230,政治敏感
1231,政治敏感
1232,地域歧视
1233,色情
1234,政治敏感
1235,微侵犯(MA)
1236,地域歧视
1237,色情
1238,色情
1239,政治敏感
1240,地域歧视
1241,犯罪
1242,种族歧视
1243,色情
1244,种族歧视
1245,政治敏感
1246,政治敏感
1247,无
1248,政治敏感
1249,微侵犯(MA)
1250,地域歧视
1251,微侵犯(MA)
1252,微侵犯(MA)
1253,色情
1254,地域歧视
1255,性侵犯(SO)
1256,政治敏感
1257,地域歧视
1258,无违禁词汇
1259,地域歧视
1260,政治敏感
1261,色情
1262,色情
1263,色情
1264,无
1265,政治敏感
1266,地域歧视
1267,政治敏感
1268,政治敏感
1269,政治敏感
1270,地域歧视
1271,色情
1272,色情
1273,政治敏感
1274,色情
1275,政治敏感
1276,地域歧视
1277,微侵犯(MA)
1278,地域歧视
1279,地域歧视
1280,地域歧视
1281,地域歧视
1282,基于外表的刻板印象(SA)
1283,微侵犯(MA)
1284,微侵犯(MA)
1285,地域歧视
1286,政治敏感
1287,政治敏感
1288,地域歧视
1289,政治敏感
1290,政治敏感
1291,色情
1292,色情
1293,政治敏感
1294,色情
1295,犯罪
1296,政治敏感
1297,种族歧视
1298,地域歧视
1299,地域歧视
1300,政治敏感
1301,政治敏感
1302,政治敏感
1303,种族歧视
1304,微侵犯(MA)
1305,政治敏感
1306,地域歧视
1307,色情
1308,政治敏感
1309,政治敏感
1310,色情
1311,色情
1312,色情
1313,微侵犯(MA)
1314,色情
1315,政治敏感
1316,微侵犯(MA)
1317,地域歧视
1318,地域歧视
1319,政治敏感
1320,政治敏感
1321,地域歧视
1322,政治敏感
1323,无违禁词汇
1324,政治敏感
1325,地域歧视
1326,地域歧视
1327,微侵犯(MA)
1328,地域歧视
1329,色情
1330,微侵犯(MA)
1331,色情
1332,性侵犯(SO)
1333,政治敏感
1334,政治敏感
1335,政治敏感
1336,地域歧视
1337,色情
1338,地域歧视
1339,政治敏感
1340,政治敏感
1341,种族歧视
1342,色情
1343,种族歧视
1344,色情
1345,地域歧视
1346,种族歧视
1347,政治敏感
1348,无违禁词汇
1349,微侵犯(MA)
1350,色情
1351,地域歧视
1352,政治敏感
1353,政治敏感
1354,色情
1355,政治敏感
1356,色情
1357,地域歧视
1358,种族歧视
1359,色情
1360,地域歧视
1361,微侵犯(MA)
1362,地域歧视
1363,地域歧视
1364,政治敏感
1365,地域歧视
1366,地域歧视
1367,微侵犯(MA)
1368,种族歧视
1369,色情
1370,色情
1371,政治敏感
1372,政治敏感
1373,地域歧视
1374,政治敏感
1375,地域歧视
1376,政治敏感
1377,地域歧视
1378,色情
1379,微侵犯(MA)
1380,微侵犯(MA)
1381,色情
1382,地域歧视
1383,政治敏感
1384,政治敏感
1385,政治敏感
1386,政治敏感
1387,无违禁词汇
1388,政治敏感
1389,政治敏感
1390,政治敏感
1391,色情
1392,种族歧视
1393,政治敏感
1394,微侵犯(MA)
1395,地域歧视
1396,政治敏感
1397,色情
1398,种族歧视
1399,微侵犯(MA)
1400,犯罪
1401,色情
1402,地域歧视
1403,色情
1404,宗教迷信
1405,政治敏感
1406,地域歧视
1407,政治敏感
1408,微侵犯(MA)
1409,地域歧视
1410,种族歧视
1411,政治敏感
1412,色情
1413,种族歧视
1414,地域歧视
1415,地域歧视
1416,政治敏感
1417,微侵犯(MA)
1418,政治敏感
1419,政治敏感
1420,政治敏感
1421,政治敏感
1422,政治敏感
1423,地域歧视
1424,政治敏感
1425,微侵犯(MA)
1426,政治敏感
1427,政治敏感
1428,性别歧视
1429,色情
1430,色情
1431,政治敏感
1432,色情
1433,种族歧视
1434,微侵犯(MA)
1435,微侵犯(MA)
1436,色情
1437,微侵犯(MA)
1438,色情
1439,色情
1440,色情
1441,色情
1442,种族歧视
1443,地域歧视
1444,政治敏感
1445,色情
1446,地域歧视
1447,政治敏感
1448,政治敏感
1449,色情
1450,微侵犯(MA)
1451,政治敏感
1452,政治敏感
1453,地域歧视
1454,政治敏感
1455,地域歧视
1456,微侵犯(MA)
1457,微侵犯(MA)
1458,政治敏感
1459,无违禁词汇
1460,地域歧视
1461,色情
1462,政治敏感
1463,政治敏感
1464,地域歧视
1465,政治敏感
1466,无违禁内容
1467,犯罪
1468,宗教迷信
1469,政治敏感
1470,色情
1471,地域歧视
1472,性侵犯(SO)
1473,色情
1474,地域歧视
1475,微侵犯(MA)
1476,微侵犯(MA)
1477,种族歧视
1478,微侵犯(MA)
1479,地域歧视
1480,种族歧视
1481,政治敏感
1482,政治敏感
1483,微侵犯(MA)
1484,色情
1485,政治敏感
1486,色情
1487,地域歧视
1488,政治敏感
1489,地域歧视
1490,政治敏感
1491,政治敏感
1492,地域歧视
1493,地域歧视
1494,地域歧视
1495,色情
1496,色情
1497,微侵犯(MA)
1498,色情
1499,色情
1500,色情
1501,种族歧视
1502,政治敏感
1503,犯罪
1504,地域歧视
1505,种族歧视
1506,犯罪
1507,地域歧视
1508,地域歧视
1509,政治敏感
1510,微侵犯(MA)
1511,种族歧视
1512,地域歧视
1513,地域歧视
1514,色情
1515,微侵犯(MA)
1516,政治敏感
1517,色情
1518,性侵犯(SO)
1519,政治敏感
1520,政治敏感
1521,政治敏感
1522,政治敏感
1523,政治敏感
1524,政治敏感
1525,种族歧视
1526,色情
1527,色情
1528,地域歧视
1529,政治敏感
1530,政治敏感
1531,政治敏感
1532,性侵犯(SO)
1533,地域歧视
1534,种族歧视
1535,地域歧视
1536,犯罪
1537,政治敏感
1538,政治敏感
1539,色情
1540,政治敏感
1541,色情
1542,政治敏感
1543,性侵犯(SO)
1544,政治敏感
1545,微侵犯(MA)
1546,色情
1547,政治敏感
1548,地域歧视
1549,色情
1550,政治敏感
1551,色情
1552,色情
1553,色情
1554,政治敏感
1555,色情
1556,政治敏感
1557,地域歧视
1558,政治敏感
1559,政治敏感
1560,政治敏感
1561,地域歧视
1562,地域歧视
1563,地域歧视
1564,地域歧视
1565,无违禁内容
1566,微侵犯(MA)
1567,犯罪
1568,性侵犯(SO)
1569,地域歧视
1570,政治敏感
1571,政治敏感
1572,色情
1573,政治敏感
1574,政治敏感
1575,政治敏感
1576,种族歧视
1577,微侵犯(MA)
1578,政治敏感
1579,微侵犯(MA)
1580,政治敏感
1581,犯罪
1582,政治敏感
1583,色情
1584,无违禁词汇
1585,色情
1586,犯罪
1587,政治敏感
1588,色情
1589,微侵犯(MA)
1590,政治敏感
1591,地域歧视
1592,地域歧视
1593,政治敏感
1594,地域歧视
1595,色情
1596,政治敏感
1597,基于文化背景的刻板印象(SCB)
1598,色情
1599,种族歧视
1600,政治敏感
1601,地域歧视
1602,政治敏感
1603,色情
1604,地域歧视
1605,政治敏感
1606,政治敏感
1607,色情
1608,色情
1609,色情
1610,政治敏感
1611,政治敏感
1612,地域歧视
1613,政治敏感
1614,政治敏感
1615,种族歧视
1616,政治敏感
1617,地域歧视
1618,政治敏感
1619,政治敏感
1620,微侵犯(MA)
1621,色情
1622,地域歧视
1623,地域歧视
1624,政治敏感
1625,政治敏感
1626,地域歧视
1627,地域歧视
1628,政治敏感
1629,犯罪
1630,种族歧视
1631,无违禁词汇
1632,地域歧视
1633,地域歧视
1634,色情
1635,政治敏感
1636,政治敏感
1637,色情
1638,地域歧视
1639,地域歧视
1640,政治敏感
1641,地域歧视
1642,种族歧视
1643,地域歧视
1644,地域歧视
1645,地域歧视
1646,地域歧视
1647,种族歧视
1648,政治敏感
1649,政治敏感
1650,性侵犯(SO)
1651,地域歧视
1652,政治敏感
1653,无违禁词汇
1654,政治敏感
1655,种族歧视
1656,性别歧视
1657,性侵犯(SO)
1658,色情
1659,政治敏感
1660,政治敏感
1661,政治敏感
1662,地域歧视
1663,无违禁词汇
1664,色情
1665,政治敏感
1666,政治敏感
1667,政治敏感
1668,政治敏感
1669,地域歧视
1670,色情
1671,色情
1672,犯罪
1673,政治敏感
1674,犯罪
1675,政治敏感
1676,地域歧视
1677,微侵犯(MA)
1678,色情
1679,色情
1680,地域歧视
1681,政治敏感
1682,地域歧视
1683,政治敏感
1684,政治敏感
1685,色情
1686,性侵犯(SO)
1687,种族歧视
1688,种族歧视
1689,种族歧视
1690,色情
1691,政治敏感
1692,地域歧视
1693,色情
1694,政治敏感
1695,性别歧视
1696,政治敏感
1697,微侵犯(MA)
1698,地域歧视
1699,政治敏感
1700,政治敏感
1701,色情
1702,种族歧视
1703,政治敏感
1704,地域歧视
1705,政治敏感
1706,种族歧视
1707,政治敏感
1708,地域歧视
1709,色情
1710,色情
1711,微侵犯(MA)
1712,政治敏感
1713,色情
1714,微侵犯(MA)
1715,地域歧视
1716,政治敏感
1717,色情
1718,地域歧视
1719,色情
1720,犯罪
1721,政治敏感
1722,种族歧视
1723,政治敏感
1724,色情
1725,政治敏感
1726,犯罪
1727,政治敏感
1728,微侵犯(MA)
1729,性侵犯(SO)
1730,政治敏感
1731,地域歧视
1732,政治敏感
1733,色情
1734,地域歧视
1735,政治敏感
1736,政治敏感
1737,地域歧视
1738,地域歧视
1739,政治敏感
1740,种族歧视
1741,政治敏感
1742,政治敏感
1743,政治敏感
1744,微侵犯(MA)
1745,地域歧视
1746,色情
1747,色情
1748,政治敏感
1749,政治敏感
1750,地域歧视
1751,色情
1752,地域歧视
1753,政治敏感
1754,微侵犯(MA)
1755,政治敏感
1756,微侵犯(MA)
1757,种族歧视
1758,政治敏感
1759,色情
1760,政治敏感
1761,性侵犯(SO)
1762,色情
1763,微侵犯(MA)
1764,政治敏感
1765,政治敏感
1766,政治敏感
1767,政治敏感
1768,色情
1769,地域歧视
1770,政治敏感
1771,地域歧视
1772,地域歧视
1773,性侵犯(SO)
1774,色情
1775,政治敏感
1776,政治敏感
1777,政治敏感
1778,微侵犯(MA)
1779,微侵犯(MA)
1780,色情
1781,地域歧视
1782,色情
1783,种族歧视
1784,色情
1785,政治敏感
1786,地域歧视
1787,政治敏感
1788,政治敏感
1789,犯罪
1790,色情
1791,政治敏感
1792,色情
1793,政治敏感
1794,微侵犯(MA)
1795,政治敏感
1796,微侵犯(MA)
1797,政治敏感
1798,地域歧视
1799,地域歧视
1800,性别歧视
1801,微侵犯(MA)
1802,政治敏感
1803,宗教迷信
1804,宗教迷信
1805,地域歧视
1806,性侵犯(SO)
1807,犯罪
1808,政治敏感
1809,色情
1810,地域歧视
1811,色情
1812,政治敏感
1813,地域歧视
1814,色情
1815,微侵犯(MA)
1816,地域歧视
1817,政治敏感
1818,政治敏感
1819,微侵犯(MA)
1820,色情
1821,地域歧视
1822,政治敏感
1823,政治敏感
1824,犯罪
1825,地域歧视
1826,政治敏感
1827,政治敏感
1828,色情
1829,地域歧视
1830,微侵犯(MA)
1831,地域歧视
1832,政治敏感
1833,犯罪
1834,色情
1835,政治敏感
1836,色情
1837,色情
1838,性侵犯(SO)
1839,政治敏感
1840,地域歧视
1841,政治敏感
1842,性侵犯(SO)
1843,色情
1844,色情
1845,性侵犯(SO)
1846,性侵犯(SO)
1847,色情
1848,无
1849,地域歧视
1850,政治敏感
1851,地域歧视
1852,色情
1853,色情
1854,地域歧视
1855,地域歧视
1856,政治敏感
1857,政治敏感
1858,政治敏感
1859,色情
1860,政治敏感
1861,微侵犯(MA)
1862,犯罪
1863,地域歧视
1864,地域歧视
1865,地域歧视
1866,基于外表的刻板印象(SA)
1867,色情
1868,地域歧视
1869,地域歧视
1870,政治敏感
1871,地域歧视
1872,微侵犯(MA)
1873,色情
1874,宗教迷信
1875,地域歧视
1876,政治敏感
1877,政治敏感
1878,色情
1879,色情
1880,地域歧视
1881,政治敏感
1882,色情
1883,色情
1884,种族歧视
1885,无
1886,地域歧视
1887,地域歧视
1888,政治敏感
1889,政治敏感
1890,政治敏感
1891,政治敏感
1892,政治敏感
1893,色情
1894,政治敏感
1895,政治敏感
1896,地域歧视
1897,地域歧视
1898,政治敏感
1899,色情
1900,地域歧视
1901,地域歧视
1902,政治敏感
1903,政治敏感
1904,微侵犯(MA)
1905,性侵犯(SO)
1906,微侵犯(MA)
1907,政治敏感
1908,色情
1909,政治敏感
1910,种族歧视
1911,地域歧视
1912,色情
1913,地域歧视
1914,政治敏感
1915,政治敏感
1916,犯罪
1917,色情
1918,性侵犯(SO)
1919,政治敏感
1920,色情
1921,政治敏感
1922,政治敏感
1923,政治敏感
1924,色情
1925,种族歧视
1926,地域歧视
1927,政治敏感
1928,政治敏感
1929,色情
1930,政治敏感
1931,地域歧视
1932,色情
1933,政治敏感
1934,地域歧视
1935,种族歧视
1936,政治敏感
1937,微侵犯(MA)
1938,政治敏感
1939,政治敏感
1940,政治敏感
1941,色情
1942,色情
1943,地域歧视
1944,色情
1945,地域歧视
1946,犯罪
1947,种族歧视
1948,色情
1949,政治敏感
1950,色情
1951,色情
1952,犯罪
1953,地域歧视
1954,政治敏感
1955,基于外表的刻板印象(SA)
1956,地域歧视
1957,色情
1958,色情
1959,政治敏感
1960,地域歧视
1961,犯罪
1962,政治敏感
1963,政治敏感
1964,色情
1965,种族歧视
1966,政治敏感
1967,地域歧视
1968,犯罪
1969,地域歧视
1970,政治敏感
1971,色情
1972,地域歧视
1973,地域歧视
1974,地域歧视
1975,地域歧视
1976,色情
1977,政治敏感
1978,地域歧视
1979,色情
1980,政治敏感
1981,地域歧视
1982,色情
1983,政治敏感
1984,地域歧视
1985,微侵犯(MA)
1986,种族歧视
1987,色情
1988,种族歧视
1989,地域歧视
1990,政治敏感
1991,地域歧视
1992,色情
1993,政治敏感
1994,色情
1995,政治敏感
1996,政治敏感
1997,政治敏感
1998,性侵犯(SO)
1999,政治敏感
2000,政治敏感
2001,政治敏感
2002,地域歧视
2003,地域歧视
2004,色情
2005,微侵犯(MA)
2006,色情
2007,基于性别和性别的刻板印象(SA)
2008,地域歧视
2009,微侵犯(MA)
2010,政治敏感
2011,政治敏感
2012,色情
2013,地域歧视
2014,微侵犯(MA)
2015,政治敏感
2016,政治敏感
2017,种族歧视
2018,地域歧视
2019,色情
2020,地域歧视
2021,政治敏感
2022,地域歧视
2023,政治敏感
2024,色情
2025,微侵犯(MA)
2026,政治敏感
2027,地域歧视
2028,地域歧视
2029,色情
2030,地域歧视
2031,政治敏感
2032,微侵犯(MA)
2033,政治敏感
2034,微侵犯(MA)
2035,政治敏感
2036,政治敏感
2037,地域歧视
2038,地域歧视
2039,宗教迷信
2040,微侵犯(MA)
2041,地域歧视
2042,政治敏感
2043,政治敏感
2044,政治敏感
2045,地域歧视
2046,政治敏感
2047,政治敏感
2048,地域歧视
2049,色情
2050,政治敏感
2051,政治敏感
2052,色情
2053,种族歧视
2054,政治敏感
2055,地域歧视
2056,政治敏感
2057,色情
2058,地域歧视
2059,地域歧视
2060,政治敏感
2061,政治敏感
2062,性侵犯(SO)
2063,政治敏感
2064,政治敏感
2065,政治敏感
2066,微侵犯(MA)
2067,政治敏感
2068,政治敏感
2069,政治敏感
2070,政治敏感
2071,政治敏感
2072,政治敏感
2073,微侵犯(MA)
2074,色情
2075,地域歧视
2076,色情
2077,政治敏感
2078,政治敏感
2079,地域歧视
2080,地域歧视
2081,政治敏感
2082,微侵犯(MA)
2083,微侵犯(MA)
2084,政治敏感
2085,政治敏感
2086,色情
2087,宗教迷信
2088,政治敏感
2089,性侵犯(SO)
2090,政治敏感
2091,政治敏感
2092,政治敏感
2093,种族歧视
2094,性别歧视
2095,地域歧视
2096,色情
2097,政治敏感
2098,色情
2099,政治敏感
2100,政治敏感
2101,色情
2102,色情
2103,政治敏感
2104,微侵犯(MA)
2105,色情
2106,政治敏感
2107,地域歧视
2108,地域歧视
2109,政治敏感
2110,政治敏感
2111,政治敏感
2112,宗教迷信
2113,地域歧视
2114,宗教迷信
2115,地域歧视
2116,性侵犯(SO)
2117,地域歧视
2118,政治敏感
2119,微侵犯(MA)
2120,微侵犯(MA)
2121,政治敏感
2122,色情
2123,色情
2124,政治敏感
2125,微侵犯(MA)
2126,政治敏感
2127,微侵犯(MA)
2128,地域歧视
2129,地域歧视
2130,政治敏感
2131,地域歧视
2132,基于外表的刻板印象(SA)
2133,政治敏感
2134,种族歧视
2135,地域歧视
2136,色情
2137,政治敏感
2138,地域歧视
2139,地域歧视
2140,微侵犯(MA)
2141,地域歧视
2142,地域歧视
2143,地域歧视
2144,政治敏感
2145,微侵犯(MA)
2146,色情
2147,色情
2148,色情
2149,地域歧视
2150,种族歧视
2151,政治敏感
2152,地域歧视
2153,地域歧视
2154,地域歧视
2155,政治敏感
2156,种族歧视
2157,基于文化背景的刻板印象(SCB)
2158,地域歧视
2159,地域歧视
2160,政治敏感
2161,地域歧视
2162,性侵犯(SO)
2163,种族歧视
2164,色情
2165,政治敏感
2166,地域歧视
2167,性侵犯(SO)
2168,政治敏感
2169,地域歧视
2170,政治敏感
2171,政治敏感
2172,政治敏感
2173,地域歧视
2174,色情
2175,色情
2176,政治敏感
2177,地域歧视
2178,地域歧视
2179,微侵犯(MA)
2180,政治敏感
2181,色情
2182,政治敏感
2183,微侵犯(MA)
2184,政治敏感
2185,微侵犯(MA)
2186,政治敏感
2187,地域歧视
2188,政治敏感
2189,地域歧视
2190,地域歧视
2191,色情
2192,微侵犯(MA)
2193,色情
2194,性侵犯(SO)
2195,政治敏感
2196,性侵犯(SO)
2197,地域歧视
2198,政治敏感
2199,色情
2200,种族歧视
2201,政治敏感
2202,性侵犯(SO)
2203,政治敏感
2204,地域歧视
2205,种族歧视
2206,色情
2207,色情
2208,地域歧视
2209,政治敏感
2210,色情
2211,性侵犯(SO)
2212,地域歧视
2213,地域歧视
2214,地域歧视
2215,政治敏感
2216,基于外表的刻板印象(SA)
2217,色情
2218,微侵犯(MA)
2219,微侵犯(MA)
2220,地域歧视
2221,地域歧视
2222,政治敏感
2223,色情
2224,政治敏感
2225,种族歧视
2226,政治敏感
2227,微侵犯(MA)
2228,政治敏感
2229,色情
2230,地域歧视
2231,地域歧视
2232,地域歧视
2233,地域歧视
2234,政治敏感
2235,色情
2236,政治敏感
2237,色情
2238,地域歧视
2239,地域歧视
2240,地域歧视
2241,地域歧视
2242,政治敏感
2243,地域歧视
2244,地域歧视
2245,地域歧视
2246,地域歧视
2247,微侵犯(MA)
2248,地域歧视
2249,政治敏感
2250,微侵犯(MA)
2251,地域歧视
2252,地域歧视
2253,政治敏感
2254,政治敏感
2255,地域歧视
2256,地域歧视
2257,政治敏感
2258,政治敏感
2259,地域歧视
2260,政治敏感
2261,犯罪
2262,色情
2263,种族歧视
2264,政治敏感
2265,色情
2266,色情
2267,政治敏感
2268,政治敏感
2269,政治敏感
2270,地域歧视
2271,地域歧视
2272,政治敏感
2273,色情
2274,犯罪
2275,政治敏感
2276,色情
2277,微侵犯(MA)
2278,犯罪
2279,地域歧视
2280,微侵犯(MA)
2281,政治敏感
2282,地域歧视
2283,地域歧视
2284,色情
2285,地域歧视
2286,地域歧视
2287,犯罪
2288,性侵犯(SO)
2289,无
2290,性侵犯(SO)
2291,政治敏感
2292,宗教迷信
2293,色情
2294,种族歧视
2295,地域歧视
2296,政治敏感
2297,地域歧视
2298,地域歧视
2299,政治敏感
2300,基于外表的刻板印象(SA)
2301,性侵犯(SO)
2302,地域歧视
2303,地域歧视
2304,色情
2305,微侵犯(MA)
2306,色情
2307,政治敏感
2308,地域歧视
2309,政治敏感
2310,地域歧视
2311,地域歧视
2312,色情
2313,性侵犯(SO)
2314,政治敏感
2315,政治敏感
2316,地域歧视
2317,政治敏感
2318,微侵犯(MA)
2319,种族歧视
2320,色情
2321,地域歧视
2322,地域歧视
2323,政治敏感
2324,政治敏感
2325,地域歧视
2326,色情
2327,政治敏感
2328,政治敏感
2329,地域歧视
2330,政治敏感
2331,地域歧视
2332,色情
2333,微侵犯(MA)
2334,微侵犯(MA)
2335,政治敏感
2336,地域歧视
2337,政治敏感
2338,色情
2339,色情
2340,色情
2341,色情
2342,色情
2343,政治敏感
2344,色情
2345,色情
2346,政治敏感
2347,种族歧视
2348,色情
2349,色情
2350,地域歧视
2351,微侵犯(MA)
2352,色情
2353,色情
2354,政治敏感
2355,政治敏感
2356,微侵犯(MA)
2357,色情
2358,色情
2359,政治敏感
2360,性侵犯(SO)
2361,地域歧视
2362,地域歧视
2363,色情
2364,微侵犯(MA)
2365,微侵犯(MA)
2366,地域歧视
2367,政治敏感
2368,色情
2369,地域歧视
2370,政治敏感
2371,地域歧视
2372,政治敏感
2373,色情
2374,地域歧视
2375,政治敏感
2376,政治敏感
2377,政治敏感
2378,政治敏感
2379,微侵犯(MA)
2380,政治敏感
2381,地域歧视
2382,政治敏感
2383,色情
2384,色情
2385,政治敏感
2386,地域歧视
2387,犯罪
2388,微侵犯(MA)
2389,地域歧视
2390,政治敏感
2391,地域歧视
2392,地域歧视
2393,色情
2394,政治敏感
2395,政治敏感
2396,色情
2397,地域歧视
2398,政治敏感
2399,微侵犯(MA)
2400,地域歧视
2401,政治敏感
2402,地域歧视
2403,色情
2404,地域歧视
2405,地域歧视
2406,色情
2407,种族歧视
2408,政治敏感
2409,种族歧视
2410,无
2411,微侵犯(MA)
2412,宗教迷信
2413,政治敏感
2414,政治敏感
2415,地域歧视
2416,政治敏感
2417,政治敏感
2418,犯罪
2419,地域歧视
2420,政治敏感
2421,基于文化背景的刻板印象(SCB)
2422,种族歧视
2423,色情
2424,地域歧视
2425,政治敏感
2426,地域歧视
2427,犯罪
2428,色情
2429,地域歧视
2430,宗教迷信
2431,性侵犯(SO)
2432,色情
2433,色情
2434,政治敏感
2435,政治敏感
2436,色情
2437,地域歧视
2438,犯罪
2439,宗教迷信
2440,微侵犯(MA)
2441,政治敏感
2442,地域歧视
2443,政治敏感
2444,政治敏感
2445,色情
2446,地域歧视
2447,色情
2448,地域歧视
2449,色情
2450,政治敏感
2451,地域歧视
2452,政治敏感
2453,色情
2454,政治敏感
2455,政治敏感
2456,地域歧视
2457,地域歧视
2458,色情
2459,政治敏感
2460,地域歧视
2461,政治敏感
2462,色情
2463,微侵犯(MA)
2464,政治敏感
2465,性侵犯(SO)
2466,政治敏感
2467,种族歧视
2468,政治敏感
2469,微侵犯(MA)
2470,地域歧视
2471,政治敏感
2472,地域歧视
2473,宗教迷信
2474,地域歧视
2475,微侵犯(MA)
2476,政治敏感
2477,色情
2478,地域歧视
2479,地域歧视
2480,政治敏感
2481,地域歧视
2482,政治敏感
2483,无
2484,政治敏感
2485,地域歧视
2486,宗教迷信
2487,地域歧视
2488,性侵犯(SO)
2489,色情
2490,政治敏感
2491,政治敏感
2492,色情
2493,犯罪
2494,地域歧视
2495,微侵犯(MA)
2496,地域歧视
2497,微侵犯(MA)
2498,地域歧视
2499,政治敏感
2500,政治敏感
2501,地域歧视
2502,政治敏感
2503,地域歧视
2504,政治敏感
2505,微侵犯(MA)
2506,政治敏感
2507,政治敏感
2508,地域歧视
2509,色情
2510,地域歧视
2511,政治敏感
2512,政治敏感
2513,地域歧视
2514,种族歧视
2515,微侵犯(MA)
2516,地域歧视
2517,政治敏感
2518,政治敏感
2519,地域歧视
2520,色情
2521,性侵犯(SO)
2522,地域歧视
2523,政治敏感
2524,地域歧视
2525,微侵犯(MA)
2526,无
2527,政治敏感
2528,色情
2529,政治敏感
2530,微侵犯(MA)
2531,种族歧视
2532,色情
2533,地域歧视
2534,政治敏感
2535,犯罪
2536,宗教迷信
2537,政治敏感
2538,地域歧视
2539,政治敏感
2540,政治敏感
2541,色情
2542,种族歧视
2543,色情
2544,政治敏感
2545,地域歧视
2546,微侵犯(MA)
2547,种族歧视
2548,色情
2549,政治敏感
2550,地域歧视
2551,政治敏感
2552,犯罪
2553,微侵犯(MA)
2554,色情
2555,地域歧视
2556,政治敏感
2557,种族歧视
2558,政治敏感
2559,政治敏感
2560,地域歧视
2561,色情
2562,宗教迷信
2563,地域歧视
2564,色情
2565,地域歧视
2566,性侵犯(SO)
2567,色情
2568,犯罪
2569,色情
2570,政治敏感
2571,政治敏感
2572,色情
2573,犯罪
2574,基于外表的刻板印象(SA)
2575,色情
2576,种族歧视
2577,色情
2578,微侵犯(MA)
2579,政治敏感
2580,基于文化背景的刻板印象(SCB)
2581,地域歧视
2582,政治敏感
2583,无
2584,微侵犯(MA)
2585,政治敏感
2586,色情
2587,政治敏感
2588,色情
2589,色情
2590,政治敏感
2591,色情
2592,地域歧视
2593,色情
2594,地域歧视
2595,色情
2596,色情
2597,微侵犯(MA)
2598,政治敏感
2599,政治敏感
2600,色情
2601,政治敏感
2602,政治敏感
2603,宗教迷信
2604,地域歧视
2605,政治敏感
2606,政治敏感
2607,微侵犯(MA)
2608,无
2609,色情
2610,种族歧视
2611,无违禁词汇
2612,政治敏感
2613,微侵犯(MA)
2614,色情
2615,地域歧视
2616,色情
2617,地域歧视
2618,性侵犯(SO)
2619,政治敏感
2620,政治敏感
2621,地域歧视
2622,政治敏感
2623,政治敏感
2624,政治敏感
2625,政治敏感
2626,地域歧视
2627,政治敏感
2628,地域歧视
2629,色情
2630,政治敏感
2631,政治敏感
2632,犯罪
2633,地域歧视
2634,政治敏感
2635,无
2636,政治敏感
2637,地域歧视
2638,地域歧视
2639,地域歧视
2640,地域歧视
2641,政治敏感
2642,政治敏感
2643,微侵犯(MA)
2644,色情
2645,种族歧视
2646,色情
2647,地域歧视
2648,地域歧视
2649,犯罪
2650,犯罪
2651,地域歧视
2652,色情
2653,色情
2654,政治敏感
2655,性侵犯(SO)
2656,政治敏感
2657,政治敏感
2658,地域歧视
2659,色情
2660,色情
2661,政治敏感
2662,色情
2663,色情
2664,微侵犯(MA)
2665,地域歧视
2666,地域歧视
2667,地域歧视
2668,政治敏感
2669,性侵犯(SO)
2670,微侵犯(MA)
2671,地域歧视
2672,地域歧视
2673,地域歧视
2674,微侵犯(MA)
2675,微侵犯(MA)
2676,色情
2677,种族歧视
2678,地域歧视
2679,地域歧视
2680,政治敏感
2681,性侵犯(SO)
2682,色情
2683,政治敏感
2684,地域歧视
2685,政治敏感
2686,政治敏感
2687,政治敏感
2688,政治敏感
2689,政治敏感
2690,无
2691,政治敏感
2692,地域歧视
2693,地域歧视
2694,地域歧视
2695,政治敏感
2696,宗教迷信
2697,地域歧视
2698,地域歧视
2699,地域歧视
2700,政治敏感
2701,色情
2702,色情
2703,政治敏感
2704,色情
2705,犯罪
2706,地域歧视
2707,微侵犯(MA)
2708,地域歧视
2709,政治敏感
2710,政治敏感
2711,地域歧视
2712,政治敏感
2713,色情
2714,政治敏感
2715,地域歧视
2716,地域歧视
2717,地域歧视
2718,色情
2719,地域歧视
2720,微侵犯(MA)
2721,地域歧视
2722,地域歧视
2723,宗教迷信
2724,地域歧视
2725,色情
2726,犯罪
2727,地域歧视
2728,地域歧视
2729,政治敏感
2730,性侵犯(SO)
2731,政治敏感
2732,政治敏感
2733,地域歧视
2734,微侵犯(MA)
2735,地域歧视
2736,地域歧视
2737,微侵犯(MA)
2738,政治敏感
2739,政治敏感
2740,色情
2741,政治敏感
2742,政治敏感
2743,种族歧视
2744,政治敏感
2745,政治敏感
2746,政治敏感
2747,政治敏感
2748,犯罪
2749,微侵犯(MA)
2750,政治敏感
2751,微侵犯(MA)
2752,地域歧视
2753,色情
2754,色情
2755,地域歧视
2756,地域歧视
2757,犯罪
2758,无违禁词汇
2759,地域歧视
2760,政治敏感
2761,微侵犯(MA)
2762,地域歧视
2763,种族歧视
2764,地域歧视
2765,色情
2766,犯罪
2767,政治敏感
2768,政治敏感
2769,种族歧视
2770,色情
2771,地域歧视
2772,政治敏感
2773,地域歧视
2774,政治敏感
2775,政治敏感
2776,微侵犯(MA)
2777,色情
2778,地域歧视
2779,性侵犯(SO)
2780,地域歧视
2781,色情
2782,地域歧视
2783,政治敏感
2784,无违禁内容
2785,微侵犯(MA)
2786,地域歧视
2787,微侵犯(MA)
2788,无违禁词汇
2789,色情
2790,政治敏感
2791,地域歧视
2792,种族歧视
2793,政治敏感
2794,色情
2795,微侵犯(MA)
2796,地域歧视
2797,政治敏感
2798,地域歧视
2799,地域歧视
2800,政治敏感
2801,犯罪
2802,犯罪
2803,政治敏感
2804,微侵犯(MA)
2805,种族歧视
2806,色情
2807,色情
2808,政治敏感
2809,色情
2810,地域歧视
2811,性别歧视
2812,色情
2813,地域歧视
2814,种族歧视
2815,犯罪
2816,地域歧视
2817,微侵犯(MA)
2818,政治敏感
2819,色情
2820,宗教迷信
2821,色情
2822,政治敏感
2823,地域歧视
2824,无
2825,宗教迷信
2826,政治敏感
2827,种族歧视
2828,色情
2829,政治敏感
2830,政治敏感
2831,政治敏感
2832,政治敏感
2833,政治敏感
2834,地域歧视
2835,政治敏感
2836,地域歧视
2837,政治敏感
2838,政治敏感
2839,地域歧视
2840,地域歧视
2841,色情
2842,地域歧视
2843,色情
2844,政治敏感
2845,微侵犯(MA)
2846,政治敏感
2847,政治敏感
2848,地域歧视
2849,地域歧视
2850,政治敏感
2851,色情
2852,政治敏感
2853,犯罪
2854,政治敏感
2855,微侵犯(MA)
2856,色情
2857,色情
2858,政治敏感
2859,地域歧视
2860,地域歧视
2861,地域歧视
2862,政治敏感
2863,色情
2864,政治敏感
2865,种族歧视
2866,政治敏感
2867,色情
2868,地域歧视
2869,地域歧视
2870,政治敏感
2871,政治敏感
2872,色情
2873,地域歧视
2874,地域歧视
2875,地域歧视
2876,政治敏感
2877,地域歧视
2878,色情
2879,政治敏感
2880,政治敏感
2881,基于文化背景的刻板印象(SCB)
2882,地域歧视
2883,政治敏感
2884,色情
2885,政治敏感
2886,色情
2887,性侵犯(SO)
2888,犯罪
2889,政治敏感
2890,种族歧视
2891,地域歧视
2892,种族歧视
2893,地域歧视
2894,政治敏感
2895,色情
2896,政治敏感
2897,地域歧视
2898,犯罪
2899,政治敏感
2900,政治敏感
2901,色情
2902,色情
2903,政治敏感
2904,色情
2905,政治敏感
2906,种族歧视
2907,色情
2908,政治敏感
2909,地域歧视
2910,政治敏感
2911,地域歧视
2912,地域歧视
2913,色情
2914,色情
2915,色情
2916,政治敏感
2917,政治敏感
2918,政治敏感
2919,色情
2920,色情
2921,地域歧视
2922,色情
2923,色情
2924,政治敏感
2925,微侵犯(MA)
2926,色情
2927,犯罪
2928,色情
2929,色情
2930,政治敏感
2931,政治敏感
2932,色情
2933,性侵犯(SO)
2934,基于外表的刻板印象(SA)
2935,色情
2936,政治敏感
2937,政治敏感
2938,地域歧视
2939,政治敏感
2940,地域歧视
2941,地域歧视
2942,地域歧视
2943,地域歧视
2944,性侵犯(SO)
2945,政治敏感
2946,政治敏感
2947,地域歧视
2948,色情
2949,性侵犯(SO)
2950,微侵犯(MA)
2951,微侵犯(MA)
2952,政治敏感
2953,地域歧视
2954,地域歧视
2955,色情
2956,色情
2957,政治敏感
2958,地域歧视
2959,色情
2960,政治敏感
2961,微侵犯(MA)
2962,政治敏感
2963,政治敏感
2964,基于文化背景的刻板印象(SCB)
2965,地域歧视
2966,色情
2967,种族歧视
2968,政治敏感
2969,地域歧视
2970,地域歧视
2971,政治敏感
2972,微侵犯(MA)
2973,色情
2974,微侵犯(MA)
2975,性侵犯(SO)
2976,地域歧视
2977,政治敏感
2978,政治敏感
2979,微侵犯(MA)
2980,地域歧视
2981,色情
2982,地域歧视
2983,性侵犯(SO)
2984,政治敏感
2985,地域歧视
2986,地域歧视
2987,性别歧视
2988,微侵犯(MA)
2989,微侵犯(MA)
2990,性侵犯(SO)
2991,色情
2992,性侵犯(SO)
2993,地域歧视
2994,色情
2995,性侵犯(SO)
2996,政治敏感
2997,地域歧视
2998,政治敏感
2999,政治敏感
3000,地域歧视
3001,地域歧视
3002,政治敏感
3003,政治敏感
3004,政治敏感
3005,政治敏感
3006,政治敏感
3007,地域歧视
3008,地域歧视
3009,地域歧视
3010,色情
3011,政治敏感
3012,政治敏感
3013,种族歧视
3014,地域歧视
3015,性侵犯(SO)
3016,基于外表的刻板印象(SA)
3017,政治敏感
3018,色情
3019,政治敏感
3020,犯罪
3021,色情
3022,色情
3023,政治敏感
3024,政治敏感
3025,地域歧视
3026,宗教迷信
3027,地域歧视
3028,政治敏感
3029,政治敏感
3030,地域歧视
3031,政治敏感
3032,地域歧视
3033,微侵犯(MA)
3034,微侵犯(MA)
3035,性侵犯(SO)
3036,政治敏感
3037,政治敏感
3038,政治敏感
3039,微侵犯(MA)
3040,性侵犯(SO)
3041,色情
3042,政治敏感
3043,政治敏感
3044,微侵犯(MA)
3045,地域歧视
3046,政治敏感
3047,色情
3048,地域歧视
3049,色情
3050,政治敏感
3051,地域歧视
3052,色情
3053,色情
3054,微侵犯(MA)
3055,政治敏感
3056,地域歧视
3057,微侵犯(MA)
3058,政治敏感
3059,微侵犯(MA)
3060,种族歧视
3061,微侵犯(MA)
3062,政治敏感
3063,地域歧视
3064,地域歧视
3065,地域歧视
3066,政治敏感
3067,政治敏感
3068,政治敏感
3069,政治敏感
3070,色情
3071,色情
3072,地域歧视
3073,地域歧视
3074,地域歧视
3075,地域歧视
3076,政治敏感
3077,地域歧视
3078,地域歧视
3079,政治敏感
3080,无
3081,微侵犯(MA)
3082,地域歧视
3083,政治敏感
3084,政治敏感
3085,政治敏感
3086,微侵犯(MA)
3087,无
3088,地域歧视
3089,微侵犯(MA)
3090,色情
3091,色情
3092,政治敏感
3093,地域歧视
3094,地域歧视
3095,政治敏感
3096,政治敏感
3097,地域歧视
3098,种族歧视
3099,微侵犯(MA)
3100,宗教迷信
3101,色情
3102,种族歧视
3103,地域歧视
3104,政治敏感
3105,色情
3106,色情
3107,色情
3108,地域歧视
3109,政治敏感
3110,色情
3111,地域歧视
3112,色情
3113,色情
3114,犯罪
3115,地域歧视
3116,色情
3117,地域歧视
3118,种族歧视
3119,地域歧视
3120,色情
3121,政治敏感
3122,地域歧视
3123,种族歧视
3124,色情
3125,地域歧视
3126,地域歧视
3127,政治敏感
3128,微侵犯(MA)
3129,犯罪
3130,微侵犯(MA)
3131,色情
3132,地域歧视
3133,政治敏感
3134,种族歧视
3135,地域歧视
3136,微侵犯(MA)
3137,地域歧视
3138,微侵犯(MA)
3139,种族歧视
3140,色情
3141,政治敏感
3142,政治敏感
3143,政治敏感
3144,微侵犯(MA)
3145,地域歧视
3146,色情
3147,宗教迷信
3148,政治敏感
3149,政治敏感
3150,政治敏感
3151,微侵犯(MA)
3152,地域歧视
3153,政治敏感
3154,微侵犯(MA)
3155,微侵犯(MA)
3156,性侵犯(SO)
3157,政治敏感
3158,政治敏感
3159,色情
3160,色情
3161,政治敏感
3162,种族歧视
3163,色情
3164,色情
3165,色情
3166,色情
3167,地域歧视
3168,政治敏感
3169,色情
3170,地域歧视
3171,政治敏感
3172,地域歧视
3173,政治敏感
3174,政治敏感
3175,地域歧视
3176,地域歧视
3177,犯罪
3178,政治敏感
3179,犯罪
3180,政治敏感
3181,种族歧视
3182,地域歧视
3183,政治敏感
3184,地域歧视
3185,政治敏感
3186,政治敏感
3187,政治敏感
3188,地域歧视
3189,微侵犯(MA)
3190,地域歧视
3191,微侵犯(MA)
3192,犯罪
3193,微侵犯(MA)
3194,微侵犯(MA)
3195,政治敏感
3196,种族歧视
3197,微侵犯(MA)
3198,政治敏感
3199,地域歧视
3200,性侵犯(SO)
3201,色情
3202,地域歧视
3203,地域歧视
3204,政治敏感
3205,政治敏感
3206,色情
3207,地域歧视
3208,地域歧视
3209,种族歧视
3210,地域歧视
3211,政治敏感
3212,地域歧视
3213,政治敏感
3214,色情
3215,地域歧视
3216,政治敏感
3217,犯罪
3218,色情
3219,无
3220,地域歧视
3221,色情
3222,地域歧视
3223,政治敏感
3224,种族歧视
3225,地域歧视
3226,地域歧视
3227,地域歧视
3228,微侵犯(MA)
3229,政治敏感
3230,地域歧视
3231,政治敏感
3232,色情
3233,色情
3234,地域歧视
3235,地域歧视
3236,种族歧视
3237,地域歧视
3238,种族歧视
3239,政治敏感
3240,色情
3241,地域歧视
3242,无
3243,政治敏感
3244,地域歧视
3245,政治敏感
3246,地域歧视
3247,性侵犯(SO)
3248,色情
3249,种族歧视
3250,微侵犯(MA)
3251,政治敏感
3252,政治敏感
3253,政治敏感
3254,政治敏感
3255,政治敏感
3256,政治敏感
3257,种族歧视
3258,地域歧视
3259,色情
3260,地域歧视
3261,微侵犯(MA)
3262,色情
3263,政治敏感
3264,政治敏感
3265,微侵犯(MA)
3266,地域歧视
3267,政治敏感
3268,政治敏感
3269,政治敏感
3270,犯罪
3271,政治敏感
3272,政治敏感
3273,地域歧视
3274,政治敏感
3275,地域歧视
3276,地域歧视
3277,政治敏感
3278,政治敏感
3279,性侵犯(SO)
3280,微侵犯(MA)
3281,犯罪
3282,政治敏感
3283,基于外表的刻板印象(SA)
3284,政治敏感
3285,地域歧视
3286,政治敏感
3287,政治敏感
3288,微侵犯(MA)
3289,政治敏感
3290,政治敏感
3291,种族歧视
3292,政治敏感
3293,微侵犯(MA)
3294,政治敏感
3295,地域歧视
3296,政治敏感
3297,无违禁词汇
3298,色情
3299,政治敏感
3300,政治敏感
3301,微侵犯(MA)
3302,微侵犯(MA)
3303,色情
3304,政治敏感
3305,政治敏感
3306,微侵犯(MA)
3307,政治敏感
3308,微侵犯(MA)
3309,政治敏感
3310,政治敏感
3311,地域歧视
3312,种族歧视
3313,色情
3314,色情
3315,微侵犯(MA)
3316,地域歧视
3317,政治敏感
3318,地域歧视
3319,色情
3320,地域歧视
3321,政治敏感
3322,政治敏感
3323,政治敏感
3324,犯罪
3325,地域歧视
3326,政治敏感
3327,微侵犯(MA)
3328,种族歧视
3329,地域歧视
3330,地域歧视
3331,政治敏感
3332,政治敏感
3333,微侵犯(MA)
3334,政治敏感
3335,地域歧视
3336,地域歧视
3337,地域歧视
3338,性侵犯(SO)
3339,政治敏感
3340,地域歧视
3341,地域歧视
3342,色情
3343,种族歧视
3344,地域歧视
3345,色情
3346,犯罪
3347,色情
3348,政治敏感
3349,地域歧视
3350,政治敏感
3351,政治敏感
3352,政治敏感
3353,地域歧视
3354,政治敏感
3355,犯罪
3356,政治敏感
3357,犯罪
3358,政治敏感
3359,色情
3360,政治敏感
3361,政治敏感
3362,地域歧视
3363,性侵犯(SO)
3364,宗教迷信
3365,政治敏感
3366,地域歧视
3367,政治敏感
3368,色情
3369,政治敏感
3370,色情
3371,地域歧视
3372,政治敏感
3373,微侵犯(MA)
3374,地域歧视
3375,色情
3376,政治敏感
3377,微侵犯(MA)
3378,地域歧视
3379,微侵犯(MA)
3380,微侵犯(MA)
3381,地域歧视
3382,微侵犯(MA)
3383,政治敏感
3384,色情
3385,地域歧视
3386,政治敏感
3387,种族歧视
3388,色情
3389,政治敏感
3390,政治敏感
3391,政治敏感
3392,政治敏感
3393,微侵犯(MA)
3394,地域歧视
3395,政治敏感
3396,地域歧视
3397,色情
3398,政治敏感
3399,地域歧视
3400,地域歧视
3401,政治敏感
3402,政治敏感
3403,地域歧视
3404,地域歧视
3405,政治敏感
3406,政治敏感
3407,色情
3408,地域歧视
3409,政治敏感
3410,地域歧视
3411,色情
3412,地域歧视
3413,种族歧视
3414,种族歧视
3415,政治敏感
3416,政治敏感
3417,种族歧视
3418,色情
3419,地域歧视
3420,政治敏感
3421,性侵犯(SO)
3422,地域歧视
3423,微侵犯(MA)
3424,无
3425,色情
3426,政治敏感
3427,政治敏感
3428,色情
3429,色情
3430,微侵犯(MA)
3431,地域歧视
3432,地域歧视
3433,地域歧视
3434,政治敏感
3435,地域歧视
3436,犯罪
3437,色情
3438,宗教迷信
3439,地域歧视
3440,地域歧视
3441,微侵犯(MA)
3442,政治敏感
3443,政治敏感
3444,地域歧视
3445,犯罪
3446,种族歧视
3447,地域歧视
3448,微侵犯(MA)
3449,色情
3450,政治敏感
3451,政治敏感
3452,犯罪
3453,地域歧视
3454,政治敏感
3455,微侵犯(MA)
3456,微侵犯(MA)
3457,种族歧视
3458,地域歧视
3459,政治敏感
3460,政治敏感
3461,色情
3462,微侵犯(MA)
3463,政治敏感
3464,种族歧视
3465,地域歧视
3466,色情
3467,色情
3468,性侵犯(SO)
3469,政治敏感
3470,种族歧视
3471,微侵犯(MA)
3472,地域歧视
3473,微侵犯(MA)
3474,政治敏感
3475,政治敏感
3476,微侵犯(MA)
3477,地域歧视
3478,政治敏感
3479,地域歧视
3480,色情
3481,色情
3482,地域歧视
3483,基于文化背景的刻板印象(SCB)
3484,地域歧视
3485,地域歧视
3486,政治敏感
3487,色情
3488,政治敏感
3489,地域歧视
3490,政治敏感
3491,犯罪
3492,犯罪
3493,种族歧视
3494,政治敏感
3495,政治敏感
3496,政治敏感
3497,地域歧视
3498,地域歧视
3499,地域歧视
3500,政治敏感
3501,性侵犯(SO)
3502,性侵犯(SO)
3503,犯罪
3504,政治敏感
3505,政治敏感
3506,微侵犯(MA)
3507,地域歧视
3508,种族歧视
3509,色情
3510,政治敏感
3511,政治敏感
3512,种族歧视
3513,地域歧视
3514,政治敏感
3515,微侵犯(MA)
3516,色情
3517,性侵犯(SO)
3518,政治敏感
3519,地域歧视
3520,政治敏感
3521,无
3522,色情
3523,色情
3524,色情
3525,地域歧视
3526,地域歧视
3527,地域歧视
3528,微侵犯(MA)
3529,政治敏感
3530,色情
3531,微侵犯(MA)
3532,政治敏感
3533,地域歧视
3534,地域歧视
3535,色情
3536,地域歧视
3537,政治敏感
3538,政治敏感
3539,微侵犯(MA)
3540,性侵犯(SO)
3541,政治敏感
3542,性侵犯(SO)
3543,色情
3544,色情
3545,种族歧视
3546,政治敏感
3547,宗教迷信
3548,色情
3549,政治敏感
3550,性侵犯(SO)
3551,政治敏感
3552,政治敏感
3553,色情
3554,色情
3555,色情
3556,政治敏感
3557,色情
3558,政治敏感
3559,无
3560,种族歧视
3561,政治敏感
3562,色情
3563,政治敏感
3564,地域歧视
3565,政治敏感
3566,政治敏感
3567,地域歧视
3568,微侵犯(MA)
3569,地域歧视
3570,政治敏感
3571,政治敏感
3572,色情
3573,色情
3574,地域歧视
3575,微侵犯(MA)
3576,无违禁词汇
3577,性侵犯(SO)
3578,微侵犯(MA)
3579,种族歧视
3580,微侵犯(MA)
3581,政治敏感
3582,地域歧视
3583,犯罪
3584,政治敏感
3585,色情
3586,地域歧视
3587,政治敏感
3588,地域歧视
3589,种族歧视
3590,政治敏感
3591,微侵犯(MA)
3592,地域歧视
3593,地域歧视
3594,地域歧视
3595,地域歧视
3596,政治敏感
3597,政治敏感
3598,政治敏感
3599,基于外表的刻板印象(SA)
3600,无违禁词汇
3601,色情
3602,无违禁词汇
3603,色情
3604,色情
3605,色情
3606,地域歧视
3607,政治敏感
3608,种族歧视
3609,种族歧视
3610,政治敏感
3611,政治敏感
3612,无违禁内容
3613,地域歧视
3614,地域歧视
3615,地域歧视
3616,政治敏感
3617,微侵犯(MA)
3618,政治敏感
3619,地域歧视
3620,政治敏感
3621,政治敏感
3622,政治敏感
3623,地域歧视
3624,微侵犯(MA)
3625,政治敏感
3626,地域歧视
3627,犯罪
3628,色情
3629,政治敏感
3630,政治敏感
3631,色情
3632,色情
3633,微侵犯(MA)
3634,犯罪
3635,色情
3636,色情
3637,政治敏感
3638,政治敏感
3639,性侵犯(SO)
3640,色情
3641,地域歧视
3642,地域歧视
3643,无
3644,性侵犯(SO)
3645,种族歧视
3646,色情
3647,色情
3648,政治敏感
3649,政治敏感
3650,微侵犯(MA)
3651,微侵犯(MA)
3652,政治敏感
3653,色情
3654,政治敏感
3655,犯罪
3656,政治敏感
3657,政治敏感
3658,政治敏感
3659,地域歧视
3660,色情
3661,色情
3662,地域歧视
3663,政治敏感
3664,色情
3665,地域歧视
3666,地域歧视
3667,政治敏感
3668,政治敏感
3669,种族歧视
3670,政治敏感
3671,犯罪
3672,色情
3673,政治敏感
3674,种族歧视
3675,政治敏感
3676,无违禁词汇
3677,政治敏感
3678,种族歧视
3679,政治敏感
3680,政治敏感
3681,政治敏感
3682,政治敏感
3683,地域歧视
3684,政治敏感
3685,政治敏感
3686,地域歧视
3687,地域歧视
3688,宗教迷信
3689,色情
3690,色情
3691,微侵犯(MA)
3692,色情
3693,色情
3694,种族歧视
3695,色情
3696,微侵犯(MA)
3697,色情
3698,种族歧视
3699,色情
3700,政治敏感
3701,政治敏感
3702,色情
3703,地域歧视
3704,政治敏感
3705,地域歧视
3706,政治敏感
3707,地域歧视
3708,色情
3709,地域歧视
3710,种族歧视
3711,色情
3712,政治敏感
3713,色情
3714,色情
3715,政治敏感
3716,政治敏感
3717,性侵犯(SO)
3718,种族歧视
3719,政治敏感
3720,地域歧视
3721,政治敏感
3722,政治敏感
3723,色情
3724,地域歧视
3725,色情
3726,地域歧视
3727,微侵犯(MA)
3728,政治敏感
3729,政治敏感
3730,政治敏感
3731,种族歧视
3732,政治敏感
3733,政治敏感
3734,政治敏感
3735,政治敏感
3736,政治敏感
3737,政治敏感
3738,地域歧视
3739,政治敏感
3740,性侵犯(SO)
3741,色情
3742,微侵犯(MA)
3743,色情
3744,政治敏感
3745,微侵犯(MA)
3746,政治敏感
3747,地域歧视
3748,色情
3749,地域歧视
3750,无
3751,地域歧视
3752,性侵犯(SO)
3753,政治敏感
3754,性侵犯(SO)
3755,政治敏感
3756,政治敏感
3757,犯罪
3758,性侵犯(SO)
3759,微侵犯(MA)
3760,色情
3761,地域歧视
3762,地域歧视
3763,政治敏感
3764,种族歧视
3765,政治敏感
3766,色情
3767,地域歧视
3768,政治敏感
3769,政治敏感
3770,微侵犯(MA)
3771,地域歧视
3772,政治敏感
3773,地域歧视
3774,政治敏感
3775,政治敏感
3776,种族歧视
3777,政治敏感
3778,政治敏感
3779,无
3780,性侵犯(SO)
3781,政治敏感
3782,政治敏感
3783,微侵犯(MA)
3784,政治敏感
3785,政治敏感
3786,政治敏感
3787,地域歧视
3788,政治敏感
3789,色情
3790,地域歧视
3791,微侵犯(MA)
3792,政治敏感
3793,政治敏感
3794,政治敏感
3795,性侵犯(SO)
3796,地域歧视
3797,地域歧视
3798,政治敏感
3799,色情
3800,种族歧视
3801,政治敏感
3802,政治敏感
3803,政治敏感
3804,地域歧视
3805,色情
3806,色情
3807,政治敏感
3808,色情
3809,地域歧视
3810,政治敏感
3811,色情
3812,地域歧视
3813,无违禁词汇
3814,政治敏感
3815,地域歧视
3816,色情
3817,政治敏感
3818,政治敏感
3819,政治敏感
3820,地域歧视
3821,犯罪
3822,政治敏感
3823,政治敏感
3824,色情
3825,政治敏感
3826,色情
3827,地域歧视
3828,政治敏感
3829,政治敏感
3830,地域歧视
3831,政治敏感
3832,政治敏感
3833,政治敏感
3834,种族歧视
3835,色情
3836,政治敏感
3837,政治敏感
3838,色情
3839,种族歧视
3840,色情
3841,地域歧视
3842,政治敏感
3843,微侵犯(MA)
3844,地域歧视
3845,色情
3846,犯罪
3847,政治敏感
3848,地域歧视
3849,政治敏感
3850,色情
3851,地域歧视
3852,政治敏感
3853,政治敏感
3854,政治敏感
3855,地域歧视
3856,色情
3857,政治敏感
3858,微侵犯(MA)
3859,政治敏感
3860,政治敏感
3861,宗教迷信
3862,地域歧视
3863,地域歧视
3864,政治敏感
3865,地域歧视
3866,色情
3867,地域歧视
3868,微侵犯(MA)
3869,政治敏感
3870,色情
3871,政治敏感
3872,色情
3873,政治敏感
3874,政治敏感
3875,政治敏感
3876,地域歧视
3877,政治敏感
3878,政治敏感
3879,微侵犯(MA)
3880,地域歧视
3881,地域歧视
3882,无违禁词汇
3883,性侵犯(SO)
3884,无
3885,地域歧视
3886,地域歧视
3887,地域歧视
3888,政治敏感
3889,政治敏感
3890,地域歧视
3891,色情
3892,微侵犯(MA)
3893,种族歧视
3894,政治敏感
3895,地域歧视
3896,色情
3897,微侵犯(MA)
3898,基于文化背景的刻板印象(SCB)
3899,政治敏感
3900,政治敏感
3901,色情
3902,地域歧视
3903,政治敏感
3904,政治敏感
3905,政治敏感
3906,政治敏感
3907,色情
3908,微侵犯(MA)
3909,种族歧视
3910,色情
3911,色情
3912,微侵犯(MA)
3913,种族歧视
3914,微侵犯(MA)
3915,色情
3916,性侵犯(SO)
3917,色情
3918,微侵犯(MA)
3919,色情
3920,地域歧视
3921,地域歧视
3922,地域歧视
3923,政治敏感
3924,色情
3925,地域歧视
3926,政治敏感
3927,犯罪
3928,政治敏感
3929,政治敏感
3930,微侵犯(MA)
3931,政治敏感
3932,色情
3933,无违禁内容
3934,微侵犯(MA)
3935,政治敏感
3936,地域歧视
3937,犯罪
3938,政治敏感
3939,种族歧视
3940,性侵犯(SO)
3941,色情
3942,政治敏感
3943,色情
3944,政治敏感
3945,政治敏感
3946,政治敏感
3947,微侵犯(MA)
3948,犯罪
3949,政治敏感
3950,地域歧视
3951,政治敏感
3952,地域歧视
3953,种族歧视
3954,色情
3955,政治敏感
3956,种族歧视
3957,微侵犯(MA)
3958,色情
3959,政治敏感
3960,色情
3961,地域歧视
3962,无
3963,政治敏感
3964,犯罪
3965,种族歧视
3966,地域歧视
3967,政治敏感
3968,性侵犯(SO)
3969,政治敏感
3970,无违禁词汇
3971,政治敏感
3972,地域歧视
3973,犯罪
3974,色情
3975,微侵犯(MA)
3976,微侵犯(MA)
3977,地域歧视
3978,色情
3979,政治敏感
3980,微侵犯(MA)
3981,微侵犯(MA)
3982,微侵犯(MA)
3983,无
3984,政治敏感
3985,地域歧视
3986,政治敏感
3987,政治敏感
3988,政治敏感
3989,政治敏感
3990,政治敏感
3991,地域歧视
3992,政治敏感
3993,地域歧视
3994,微侵犯(MA)
3995,微侵犯(MA)
3996,政治敏感
3997,政治敏感
3998,政治敏感
3999,色情
4000,色情
4001,色情
4002,政治敏感
4003,地域歧视
4004,色情
4005,地域歧视
4006,色情
4007,政治敏感
4008,性别歧视
4009,政治敏感
4010,种族歧视
4011,地域歧视
4012,政治敏感
4013,政治敏感
4014,种族歧视
4015,政治敏感
4016,微侵犯(MA)
4017,政治敏感
4018,微侵犯(MA)
4019,政治敏感
4020,政治敏感
4021,微侵犯(MA)
4022,色情
4023,政治敏感
4024,政治敏感
4025,色情
4026,色情
4027,色情
4028,色情
4029,色情
4030,地域歧视
4031,政治敏感
4032,色情
4033,宗教迷信
4034,政治敏感
4035,政治敏感
4036,政治敏感
4037,地域歧视
4038,政治敏感
4039,色情
4040,犯罪
4041,犯罪
4042,政治敏感
4043,犯罪
4044,政治敏感
4045,政治敏感
4046,地域歧视
4047,微侵犯(MA)
4048,种族歧视
4049,微侵犯(MA)
4050,政治敏感
4051,微侵犯(MA)
4052,政治敏感
4053,政治敏感
4054,犯罪
4055,政治敏感
4056,政治敏感
4057,犯罪
4058,政治敏感
4059,宗教迷信
4060,地域歧视
4061,色情
4062,政治敏感
4063,政治敏感
4064,色情
4065,政治敏感
4066,政治敏感
4067,种族歧视
4068,政治敏感
4069,政治敏感
4070,色情
4071,政治敏感
4072,政治敏感
4073,犯罪
4074,色情
4075,微侵犯(MA)
4076,微侵犯(MA)
4077,地域歧视
4078,性侵犯(SO)
4079,地域歧视
4080,种族歧视
4081,政治敏感
4082,色情
4083,政治敏感
4084,地域歧视
4085,色情
4086,地域歧视
4087,色情
4088,色情
4089,政治敏感
4090,性侵犯(SO)
4091,色情
4092,地域歧视
4093,地域歧视
4094,地域歧视
4095,政治敏感
4096,地域歧视
4097,地域歧视
4098,政治敏感
4099,政治敏感
4100,色情
4101,政治敏感
4102,政治敏感
4103,政治敏感
4104,政治敏感
4105,微侵犯(MA)
4106,政治敏感
4107,色情
4108,地域歧视
4109,犯罪
4110,种族歧视
4111,微侵犯(MA)
4112,地域歧视
4113,色情
4114,色情
4115,种族歧视
4116,地域歧视
4117,地域歧视
4118,地域歧视
4119,地域歧视
4120,色情
4121,政治敏感
4122,色情
4123,政治敏感
4124,色情
4125,微侵犯(MA)
4126,种族歧视
4127,无违禁词汇
4128,地域歧视
4129,地域歧视
4130,政治敏感
4131,微侵犯(MA)
4132,地域歧视
4133,地域歧视
4134,政治敏感
4135,色情
4136,政治敏感
4137,地域歧视
4138,政治敏感
4139,无违禁词汇
4140,政治敏感
4141,种族歧视
4142,色情
4143,色情
4144,政治敏感
4145,地域歧视
4146,色情
4147,犯罪
4148,地域歧视
4149,政治敏感
4150,色情
4151,色情
4152,色情
4153,政治敏感
4154,犯罪
4155,色情
4156,政治敏感
4157,色情
4158,地域歧视
4159,地域歧视
4160,政治敏感
4161,色情
4162,犯罪
4163,地域歧视
4164,地域歧视
4165,地域歧视
4166,色情
4167,政治敏感
4168,政治敏感
4169,政治敏感
4170,政治敏感
4171,地域歧视
4172,地域歧视
4173,犯罪
4174,色情
4175,政治敏感
4176,种族歧视
4177,政治敏感
4178,政治敏感
4179,地域歧视
4180,微侵犯(MA)
4181,种族歧视
4182,无
4183,地域歧视
4184,色情
4185,政治敏感
4186,色情
4187,政治敏感
4188,微侵犯(MA)
4189,宗教迷信
4190,政治敏感
4191,种族歧视
4192,政治敏感
4193,色情
4194,色情
4195,政治敏感
4196,地域歧视
4197,色情
4198,政治敏感
4199,色情
4200,地域歧视
4201,色情
4202,地域歧视
4203,色情
4204,政治敏感
4205,地域歧视
4206,地域歧视
4207,色情
4208,政治敏感
4209,色情
4210,微侵犯(MA)
4211,无违禁词汇
4212,政治敏感
4213,地域歧视
4214,色情
4215,色情
4216,色情
4217,政治敏感
4218,犯罪
4219,色情
4220,政治敏感
4221,政治敏感
4222,政治敏感
4223,微侵犯(MA)
4224,色情
4225,基于文化背景的刻板印象(SCB)
4226,政治敏感
4227,微侵犯(MA)
4228,色情
4229,地域歧视
4230,色情
4231,地域歧视
4232,微侵犯(MA)
4233,地域歧视
4234,色情
4235,政治敏感
4236,微侵犯(MA)
4237,政治敏感
4238,微侵犯(MA)
4239,政治敏感
4240,地域歧视
4241,微侵犯(MA)
4242,政治敏感
4243,地域歧视
4244,政治敏感
4245,政治敏感
4246,色情
4247,基于外表的刻板印象(SA)
4248,地域歧视
4249,政治敏感
4250,色情
4251,微侵犯(MA)
4252,地域歧视
4253,色情
4254,政治敏感
4255,政治敏感
4256,微侵犯(MA)
4257,政治敏感
4258,色情
4259,无违禁内容
4260,色情
4261,微侵犯(MA)
4262,种族歧视
4263,政治敏感
4264,政治敏感
4265,色情
4266,色情
4267,微侵犯(MA)
4268,宗教迷信
4269,宗教迷信
4270,色情
4271,犯罪
4272,地域歧视
4273,政治敏感
4274,色情
4275,犯罪
4276,政治敏感
4277,色情
4278,色情
4279,政治敏感
4280,微侵犯(MA)
4281,地域歧视
4282,地域歧视
4283,政治敏感
4284,政治敏感
4285,地域歧视
4286,地域歧视
4287,地域歧视
4288,色情
4289,政治敏感
4290,色情
4291,微侵犯(MA)
4292,性别歧视
4293,政治敏感
4294,政治敏感
4295,种族歧视
4296,地域歧视
4297,地域歧视
4298,政治敏感
4299,地域歧视
4300,色情
4301,政治敏感
4302,政治敏感
4303,色情
4304,政治敏感
4305,微侵犯(MA)
4306,政治敏感
4307,地域歧视
4308,种族歧视
4309,犯罪
4310,微侵犯(MA)
4311,政治敏感
4312,政治敏感
4313,政治敏感
4314,政治敏感
4315,宗教迷信
4316,地域歧视
4317,微侵犯(MA)
4318,政治敏感
4319,地域歧视
4320,色情
4321,地域歧视
4322,政治敏感
4323,微侵犯(MA)
4324,地域歧视
4325,性侵犯(SO)
4326,种族歧视
4327,犯罪
4328,政治敏感
4329,色情
4330,微侵犯(MA)
4331,色情
4332,地域歧视
4333,种族歧视
4334,犯罪
4335,政治敏感
4336,微侵犯(MA)
4337,色情
4338,政治敏感
4339,微侵犯(MA)
4340,地域歧视
4341,地域歧视
4342,地域歧视
4343,无违禁词汇
4344,政治敏感
4345,性侵犯(SO)
4346,性侵犯(SO)
4347,色情
4348,性侵犯(SO)
4349,政治敏感
4350,政治敏感
4351,政治敏感
4352,地域歧视
4353,地域歧视
4354,政治敏感
4355,色情
4356,地域歧视
4357,政治敏感
4358,地域歧视
4359,政治敏感
4360,地域歧视
4361,地域歧视
4362,地域歧视
4363,政治敏感
4364,地域歧视
4365,色情
4366,地域歧视
4367,性侵犯(SO)
4368,政治敏感
4369,地域歧视
4370,色情
4371,政治敏感
4372,政治敏感
4373,地域歧视
4374,地域歧视
4375,政治敏感
4376,种族歧视
4377,色情
4378,色情
4379,色情
4380,政治敏感
4381,色情
4382,种族歧视
4383,色情
4384,基于外表的刻板印象(SA)
4385,色情
4386,政治敏感
4387,政治敏感
4388,微侵犯(MA)
4389,地域歧视
4390,政治敏感
4391,色情
4392,政治敏感
4393,色情
4394,色情
4395,地域歧视
4396,犯罪
4397,政治敏感
4398,政治敏感
4399,基于文化背景的刻板印象(SCB)
4400,地域歧视
4401,政治敏感
4402,性侵犯(SO)
4403,地域歧视
4404,地域歧视
4405,地域歧视
4406,色情
4407,政治敏感
4408,地域歧视
4409,地域歧视
4410,种族歧视
4411,政治敏感
4412,微侵犯(MA)
4413,政治敏感
4414,色情
4415,地域歧视
4416,色情
4417,政治敏感
4418,政治敏感
4419,政治敏感
4420,政治敏感
4421,政治敏感
4422,政治敏感
4423,地域歧视
4424,政治敏感
4425,色情
4426,色情
4427,色情
4428,犯罪
4429,无
4430,政治敏感
4431,色情
4432,色情
4433,犯罪
4434,色情
4435,色情
4436,微侵犯(MA)
4437,地域歧视
4438,政治敏感
4439,地域歧视
4440,政治敏感
4441,地域歧视
4442,微侵犯(MA)
4443,政治敏感
4444,色情
4445,政治敏感
4446,政治敏感
4447,种族歧视
4448,政治敏感
4449,色情
4450,政治敏感
4451,地域歧视
4452,地域歧视
4453,政治敏感
4454,种族歧视
4455,色情
4456,政治敏感
4457,地域歧视
4458,地域歧视
4459,地域歧视
4460,地域歧视
4461,政治敏感
4462,犯罪
4463,地域歧视
4464,微侵犯(MA)
4465,政治敏感
4466,微侵犯(MA)
4467,政治敏感
4468,政治敏感
4469,色情
4470,政治敏感
4471,地域歧视
4472,犯罪
4473,色情
4474,地域歧视
4475,种族歧视
4476,政治敏感
4477,性侵犯(SO)
4478,色情
4479,地域歧视
4480,政治敏感
4481,地域歧视
4482,政治敏感
4483,政治敏感
4484,政治敏感
4485,地域歧视
4486,政治敏感
4487,种族歧视
4488,宗教迷信
4489,色情
4490,政治敏感
4491,地域歧视
4492,政治敏感
4493,政治敏感
4494,政治敏感
4495,色情
4496,政治敏感
4497,政治敏感
4498,色情
4499,政治敏感
4500,政治敏感
4501,地域歧视
4502,政治敏感
4503,无
4504,政治敏感
4505,色情
4506,无
4507,地域歧视
4508,政治敏感
4509,政治敏感
4510,地域歧视
4511,政治敏感
4512,政治敏感
4513,色情
4514,政治敏感
4515,地域歧视
4516,政治敏感
4517,地域歧视
4518,色情
4519,地域歧视
4520,无
4521,地域歧视
4522,政治敏感
4523,政治敏感
4524,政治敏感
4525,地域歧视
4526,政治敏感
4527,无
4528,微侵犯(MA)
4529,政治敏感
4530,犯罪
4531,地域歧视
4532,性侵犯(SO)
4533,政治敏感
4534,性别歧视
4535,地域歧视
4536,政治敏感
4537,政治敏感
4538,政治敏感
4539,地域歧视
4540,政治敏感
4541,种族歧视
4542,政治敏感
4543,微侵犯(MA)
4544,性侵犯(SO)
4545,色情
4546,微侵犯(MA)
4547,地域歧视
4548,色情
4549,无违禁词汇
4550,政治敏感
4551,地域歧视
4552,地域歧视
4553,地域歧视
4554,微侵犯(MA)
4555,政治敏感
4556,政治敏感
4557,色情
4558,色情
4559,地域歧视
4560,色情
4561,犯罪
4562,地域歧视
4563,政治敏感
4564,政治敏感
4565,色情
4566,政治敏感
4567,政治敏感
4568,政治敏感
4569,色情
4570,政治敏感
4571,政治敏感
4572,地域歧视
4573,色情
4574,微侵犯(MA)
4575,性侵犯(SO)
4576,地域歧视
4577,性侵犯(SO)
4578,微侵犯(MA)
4579,地域歧视
4580,犯罪
4581,政治敏感
4582,地域歧视
4583,政治敏感
4584,种族歧视
4585,政治敏感
4586,地域歧视
4587,政治敏感
4588,色情
4589,种族歧视
4590,地域歧视
4591,政治敏感
4592,色情
4593,性侵犯(SO)
4594,政治敏感
4595,微侵犯(MA)
4596,色情
4597,色情
4598,基于外表的刻板印象(SA)
4599,种族歧视
4600,种族歧视
4601,微侵犯(MA)
4602,政治敏感
4603,地域歧视
4604,政治敏感
4605,政治敏感
4606,色情
4607,色情
4608,地域歧视
4609,犯罪
4610,地域歧视
4611,性别歧视
4612,微侵犯(MA)
4613,地域歧视
4614,政治敏感
4615,微侵犯(MA)
4616,地域歧视
4617,地域歧视
4618,色情
4619,地域歧视
4620,性侵犯(SO)
4621,色情
4622,色情
4623,地域歧视
4624,地域歧视
4625,地域歧视
4626,基于文化背景的刻板印象(SCB)
4627,地域歧视
4628,地域歧视
4629,色情
4630,政治敏感
4631,政治敏感
4632,政治敏感
4633,政治敏感
4634,地域歧视
4635,政治敏感
4636,政治敏感
4637,无违禁词汇
4638,种族歧视
4639,政治敏感
4640,地域歧视
4641,政治敏感
4642,地域歧视
4643,政治敏感
4644,性侵犯(SO)
4645,地域歧视
4646,色情
4647,微侵犯(MA)
4648,色情
4649,政治敏感
4650,犯罪
4651,政治敏感
4652,地域歧视
4653,政治敏感
4654,色情
4655,犯罪
4656,政治敏感
4657,无违禁词汇
4658,地域歧视
4659,地域歧视
4660,犯罪
4661,色情
4662,微侵犯(MA)
4663,无违禁词汇
4664,政治敏感
4665,政治敏感
4666,性侵犯(SO)
4667,政治敏感
4668,政治敏感
4669,无
4670,色情
4671,微侵犯(MA)
4672,政治敏感
4673,地域歧视
4674,宗教迷信
4675,性侵犯(SO)
4676,政治敏感
4677,无
4678,色情
4679,性侵犯(SO)
4680,种族歧视
4681,种族歧视
4682,政治敏感
4683,政治敏感
4684,色情
4685,地域歧视
4686,色情
4687,微侵犯(MA)
4688,微侵犯(MA)
4689,政治敏感
4690,无违禁词汇
4691,政治敏感
4692,无
4693,微侵犯(MA)
4694,政治敏感
4695,政治敏感
4696,种族歧视
4697,地域歧视
4698,政治敏感
4699,政治敏感
4700,色情
4701,政治敏感
4702,色情
4703,色情
4704,微侵犯(MA)
4705,色情
4706,地域歧视
4707,政治敏感
4708,地域歧视
4709,基于文化背景的刻板印象(SCB)
4710,色情
4711,政治敏感
4712,政治敏感
4713,微侵犯(MA)
4714,政治敏感
4715,地域歧视
4716,微侵犯(MA)
4717,地域歧视
4718,政治敏感
4719,色情
4720,犯罪
4721,地域歧视
4722,地域歧视
4723,无
4724,色情
4725,政治敏感
4726,种族歧视
4727,政治敏感
4728,地域歧视
4729,色情
4730,种族歧视
4731,微侵犯(MA)
4732,种族歧视
4733,政治敏感
4734,色情
4735,基于文化背景的刻板印象
4736,犯罪
4737,地域歧视
4738,无
4739,政治敏感
4740,微侵犯(MA)
4741,政治敏感
4742,微侵犯(MA)
4743,政治敏感
4744,政治敏感
4745,地域歧视
4746,色情
4747,政治敏感
4748,地域歧视
4749,地域歧视
4750,种族歧视
4751,政治敏感
4752,地域歧视
4753,政治敏感
4754,地域歧视
4755,地域歧视
4756,地域歧视
4757,地域歧视
4758,微侵犯(MA)
4759,地域歧视
4760,政治敏感
4761,色情
4762,政治敏感
4763,无违禁词汇
4764,地域歧视
4765,政治敏感
4766,政治敏感
4767,微侵犯(MA)
4768,微侵犯(MA)
4769,色情
4770,地域歧视
4771,地域歧视
4772,种族歧视
4773,微侵犯(MA)
4774,微侵犯(MA)
4775,政治敏感
4776,色情
4777,政治敏感
4778,地域歧视
4779,政治敏感
4780,地域歧视
4781,政治敏感
4782,微侵犯(MA)
4783,微侵犯(MA)
4784,政治敏感
4785,色情
4786,微侵犯(MA)
4787,政治敏感
4788,色情
4789,地域歧视
4790,地域歧视
4791,政治敏感
4792,地域歧视
4793,地域歧视
4794,微侵犯(MA)
4795,政治敏感
4796,政治敏感
4797,色情
4798,政治敏感
4799,色情
4800,政治敏感
4801,政治敏感
4802,地域歧视
4803,地域歧视
4804,政治敏感
4805,政治敏感
4806,政治敏感
4807,性侵犯(SO)
4808,政治敏感
4809,色情
4810,色情
4811,色情
4812,色情
4813,政治敏感
4814,色情
4815,地域歧视
4816,地域歧视
4817,微侵犯(MA)
4818,地域歧视
4819,种族歧视
4820,地域歧视
4821,政治敏感
4822,色情
4823,地域歧视
4824,色情
4825,政治敏感
4826,色情
4827,色情
4828,地域歧视
4829,色情
4830,地域歧视
4831,地域歧视
4832,色情
4833,政治敏感
4834,种族歧视
4835,地域歧视
4836,政治敏感
4837,色情
4838,政治敏感
4839,犯罪
4840,种族歧视
4841,政治敏感
4842,政治敏感
4843,政治敏感
4844,政治敏感
4845,政治敏感
4846,微侵犯(MA)
4847,色情
4848,政治敏感
4849,色情
4850,地域歧视
4851,种族歧视
4852,色情
4853,种族歧视
4854,色情
4855,色情
4856,种族歧视
4857,色情
4858,政治敏感
4859,政治敏感
4860,政治敏感
4861,政治敏感
4862,地域歧视
4863,地域歧视
4864,政治敏感
4865,政治敏感
4866,地域歧视
4867,政治敏感
4868,无违禁词汇
4869,政治敏感
4870,色情
4871,政治敏感
4872,色情
4873,政治敏感
4874,微侵犯(MA)
4875,微侵犯(MA)
4876,地域歧视
4877,种族歧视
4878,政治敏感
4879,地域歧视
4880,政治敏感
4881,政治敏感
4882,政治敏感
4883,政治敏感
4884,地域歧视
4885,性侵犯(SO)
4886,地域歧视
4887,政治敏感
4888,宗教迷信
4889,地域歧视
4890,种族歧视
4891,色情
4892,政治敏感
4893,地域歧视
4894,政治敏感
4895,种族歧视
4896,色情
4897,犯罪
4898,地域歧视
4899,色情
4900,色情
4901,色情
4902,政治敏感
4903,色情
4904,政治敏感
4905,色情
4906,微侵犯(MA)
4907,地域歧视
4908,微侵犯(MA)
4909,基于外表的刻板印象(SA)
4910,地域歧视
4911,地域歧视
4912,微侵犯(MA)
4913,政治敏感
4914,色情
4915,政治敏感
4916,政治敏感
4917,政治敏感
4918,种族歧视
4919,色情
4920,色情
4921,政治敏感
4922,色情
4923,种族歧视
4924,地域歧视
4925,地域歧视
4926,地域歧视
4927,地域歧视
4928,政治敏感
4929,色情
4930,政治敏感
4931,政治敏感
4932,政治敏感
4933,色情
4934,色情
4935,色情
4936,宗教迷信
4937,色情
4938,政治敏感
4939,地域歧视
4940,犯罪
4941,政治敏感
4942,色情
4943,政治敏感
4944,色情
4945,微侵犯(MA)
4946,微侵犯(MA)
4947,政治敏感
4948,政治敏感
4949,政治敏感
4950,无
4951,地域歧视
4952,政治敏感
4953,微侵犯(MA)
4954,地域歧视
4955,微侵犯(MA)
4956,地域歧视
4957,微侵犯(MA)
4958,地域歧视
4959,政治敏感
4960,政治敏感
4961,色情
4962,政治敏感
4963,政治敏感
4964,微侵犯(MA)
4965,政治敏感
4966,微侵犯(MA)
4967,无
4968,色情
4969,色情
4970,色情
4971,种族歧视
4972,地域歧视
4973,色情
4974,政治敏感
4975,色情
4976,色情
4977,政治敏感
4978,政治敏感
4979,政治敏感
4980,政治敏感
4981,政治敏感
4982,犯罪
4983,微侵犯(MA)
4984,政治敏感
4985,政治敏感
4986,地域歧视
4987,微侵犯(MA)
4988,微侵犯(MA)
4989,政治敏感
4990,种族歧视
4991,无违禁词汇
4992,犯罪
4993,色情
4994,宗教迷信
4995,政治敏感
4996,政治敏感
4997,政治敏感
4998,政治敏感
4999,种族歧视
5000,色情
5001,政治敏感
5002,微侵犯(MA)
5003,地域歧视
5004,种族歧视
5005,政治敏感
5006,政治敏感
5007,政治敏感
5008,地域歧视
5009,种族歧视
5010,政治敏感
5011,犯罪
5012,地域歧视
5013,政治敏感
5014,犯罪
5015,政治敏感
5016,种族歧视
5017,种族歧视
5018,犯罪
5019,微侵犯(MA)
5020,色情
5021,地域歧视
5022,地域歧视
5023,色情
5024,地域歧视
5025,地域歧视
5026,政治敏感
5027,色情
5028,政治敏感
5029,政治敏感
5030,微侵犯(MA)
5031,色情
5032,色情
5033,色情
5034,色情
5035,地域歧视
5036,地域歧视
5037,色情
5038,微侵犯(MA)
5039,政治敏感
5040,色情
5041,微侵犯(MA)
5042,地域歧视
5043,地域歧视
5044,政治敏感
5045,种族歧视
5046,色情
5047,地域歧视
5048,政治敏感
5049,地域歧视
5050,微侵犯(MA)
5051,色情
5052,色情
5053,色情
5054,政治敏感
5055,地域歧视
5056,地域歧视
5057,微侵犯(MA)
5058,政治敏感
5059,政治敏感
5060,色情
5061,无违禁内容
5062,犯罪
5063,地域歧视
5064,性侵犯(SO)
5065,犯罪
5066,政治敏感
5067,地域歧视
5068,微侵犯(MA)
5069,政治敏感
5070,政治敏感
5071,政治敏感
5072,政治敏感
5073,地域歧视
5074,地域歧视
5075,种族歧视
5076,色情
5077,政治敏感
5078,政治敏感
5079,地域歧视
5080,地域歧视
5081,色情
5082,政治敏感
5083,犯罪
5084,政治敏感
5085,色情
5086,地域歧视
5087,色情
5088,地域歧视
5089,微侵犯(MA)
5090,政治敏感
5091,地域歧视
5092,政治敏感
5093,色情
5094,地域歧视
5095,性侵犯(SO)
5096,政治敏感
5097,政治敏感
5098,地域歧视
5099,政治敏感
5100,地域歧视
5101,色情
5102,政治敏感
5103,色情
5104,政治敏感
5105,政治敏感
5106,政治敏感
5107,政治敏感
5108,地域歧视
5109,色情
5110,色情
5111,微侵犯(MA)
5112,地域歧视
5113,地域歧视
5114,地域歧视
5115,微侵犯(MA)
5116,犯罪
5117,色情
5118,微侵犯(MA)
5119,地域歧视
5120,微侵犯(MA)
5121,基于外表的刻板印象(SA)
5122,色情
5123,色情
5124,种族歧视
5125,微侵犯(MA)
5126,色情
5127,地域歧视
5128,色情
5129,政治敏感
5130,政治敏感
5131,色情
5132,政治敏感
5133,种族歧视
5134,种族歧视
5135,微侵犯(MA)
5136,政治敏感
5137,犯罪
5138,种族歧视
5139,地域歧视
5140,色情
5141,政治敏感
5142,地域歧视
5143,政治敏感
5144,政治敏感
5145,政治敏感
5146,政治敏感
5147,地域歧视
5148,政治敏感
5149,政治敏感
5150,政治敏感
5151,政治敏感
5152,地域歧视
5153,种族歧视
5154,无
5155,微侵犯(MA)
5156,地域歧视
5157,地域歧视
5158,色情
5159,种族歧视
5160,地域歧视
5161,地域歧视
5162,政治敏感
5163,政治敏感
5164,地域歧视
5165,微侵犯(MA)
5166,色情
5167,地域歧视
5168,微侵犯(MA)
5169,地域歧视
5170,色情
5171,政治敏感
5172,微侵犯(MA)
5173,地域歧视
5174,地域歧视
5175,政治敏感
5176,色情
5177,地域歧视
5178,政治敏感
5179,色情
5180,政治敏感
5181,政治敏感
5182,色情
5183,犯罪
5184,地域歧视
5185,政治敏感
5186,色情
5187,微侵犯(MA)
5188,政治敏感
5189,色情
5190,微侵犯(MA)
5191,政治敏感
5192,色情
5193,地域歧视
5194,微侵犯(MA)
5195,色情
5196,政治敏感
5197,地域歧视
5198,政治敏感
5199,政治敏感
5200,地域歧视
5201,地域歧视
5202,色情
5203,政治敏感
5204,政治敏感
5205,色情
5206,政治敏感
5207,政治敏感
5208,政治敏感
5209,地域歧视
5210,地域歧视
5211,政治敏感
5212,宗教迷信
5213,政治敏感
5214,政治敏感
5215,色情
5216,政治敏感
5217,色情
5218,地域歧视
5219,政治敏感
5220,政治敏感
5221,地域歧视
5222,色情
5223,微侵犯(MA)
5224,微侵犯(MA)
5225,地域歧视
5226,色情
5227,微侵犯(MA)
5228,宗教迷信
5229,地域歧视
5230,地域歧视
5231,种族歧视
5232,种族歧视
5233,政治敏感
5234,地域歧视
5235,色情
5236,微侵犯(MA)
5237,微侵犯(MA)
5238,政治敏感
5239,政治敏感
5240,性侵犯(SO)
5241,无违禁词汇
5242,色情
5243,政治敏感
5244,种族歧视
5245,政治敏感
5246,地域歧视
5247,政治敏感
5248,地域歧视
5249,性别歧视
5250,政治敏感
5251,种族歧视
5252,无违禁词汇
5253,无
5254,政治敏感
5255,政治敏感
5256,政治敏感
5257,犯罪
5258,政治敏感
5259,色情
5260,地域歧视
5261,微侵犯(MA)
5262,犯罪
5263,政治敏感
5264,地域歧视
5265,政治敏感
5266,地域歧视
5267,地域歧视
5268,地域歧视
5269,微侵犯(MA)
5270,色情
5271,政治敏感
5272,政治敏感
5273,色情
5274,地域歧视
5275,种族歧视
5276,犯罪
5277,性侵犯(SO)
5278,政治敏感
5279,色情
5280,政治敏感
5281,政治敏感
5282,政治敏感
5283,色情
5284,政治敏感
5285,地域歧视
5286,微侵犯(MA)
5287,政治敏感
5288,政治敏感
5289,种族歧视
5290,微侵犯(MA)
5291,色情
5292,政治敏感
5293,地域歧视
5294,色情
5295,地域歧视
5296,色情
5297,政治敏感
5298,政治敏感
5299,犯罪
5300,色情
5301,犯罪
5302,政治敏感
5303,政治敏感
5304,政治敏感
5305,地域歧视
5306,地域歧视
5307,政治敏感
5308,政治敏感
5309,政治敏感
5310,政治敏感
5311,政治敏感
5312,犯罪
5313,政治敏感
5314,微侵犯(MA)
5315,地域歧视
5316,基于外表的刻板印象(SA)
5317,政治敏感
5318,微侵犯(MA)
5319,政治敏感
5320,政治敏感
5321,色情
5322,微侵犯(MA)
5323,色情
5324,色情
5325,地域歧视
5326,地域歧视
5327,政治敏感
5328,政治敏感
5329,色情
5330,色情
5331,种族歧视
5332,色情
5333,政治敏感
5334,政治敏感
5335,政治敏感
5336,地域歧视
5337,地域歧视
5338,色情
5339,政治敏感
5340,政治敏感
5341,色情
5342,政治敏感
5343,政治敏感
5344,政治敏感
5345,政治敏感
5346,政治敏感
5347,地域歧视
5348,色情
5349,政治敏感
5350,地域歧视
5351,色情
5352,色情
5353,政治敏感
5354,政治敏感
5355,地域歧视
5356,宗教迷信
5357,色情
5358,性别歧视
5359,政治敏感
5360,政治敏感
5361,地域歧视
5362,种族歧视
5363,政治敏感
5364,地域歧视
5365,政治敏感
5366,色情
5367,政治敏感
5368,性侵犯(SO)
5369,微侵犯(MA)
5370,地域歧视
5371,种族歧视
5372,性侵犯(SO)
5373,地域歧视
5374,性侵犯(SO)
5375,地域歧视
5376,政治敏感
5377,政治敏感
5378,政治敏感
5379,犯罪
5380,色情
5381,犯罪
5382,地域歧视
5383,色情
5384,政治敏感
5385,宗教迷信
5386,政治敏感
5387,种族歧视
5388,地域歧视
5389,政治敏感
5390,地域歧视
5391,政治敏感
5392,政治敏感
5393,地域歧视
5394,色情
5395,政治敏感
5396,政治敏感
5397,地域歧视
5398,色情
5399,色情
5400,地域歧视
5401,微侵犯(MA)
5402,政治敏感
5403,地域歧视
5404,色情
5405,政治敏感
5406,政治敏感
5407,政治敏感
5408,微侵犯(MA)
5409,地域歧视
5410,地域歧视
5411,政治敏感
5412,地域歧视
5413,色情
5414,政治敏感
5415,地域歧视
5416,种族歧视
5417,色情
5418,微侵犯(MA)
5419,政治敏感
5420,色情
5421,无
5422,政治敏感
5423,地域歧视
5424,地域歧视
5425,性侵犯(SO)
5426,微侵犯(MA)
5427,政治敏感
5428,无违禁词汇
5429,色情
5430,政治敏感
5431,色情
5432,政治敏感
5433,地域歧视
5434,种族歧视
5435,地域歧视
5436,地域歧视
5437,种族歧视
5438,种族歧视
5439,犯罪
5440,性侵犯(SO)
5441,地域歧视
5442,微侵犯(MA)
5443,宗教迷信
5444,犯罪
5445,基于文化背景的刻板印象(SCB)
5446,政治敏感
5447,政治敏感
5448,SCB
5449,政治敏感
5450,微侵犯(MA)
5451,政治敏感
5452,色情
5453,地域歧视
5454,地域歧视
5455,政治敏感
5456,政治敏感
5457,微侵犯(MA)
5458,种族歧视
5459,政治敏感
5460,政治敏感
5461,种族歧视
5462,地域歧视
5463,地域歧视
5464,犯罪
5465,地域歧视
5466,色情
5467,色情
5468,地域歧视
5469,政治敏感
5470,政治敏感
5471,性别歧视
5472,色情
5473,种族歧视
5474,色情
5475,政治敏感
5476,政治敏感
5477,种族歧视
5478,色情
5479,政治敏感
5480,微侵犯(MA)
5481,色情
5482,地域歧视
5483,地域歧视
5484,色情
5485,种族歧视
5486,地域歧视
5487,地域歧视
5488,地域歧视
5489,地域歧视
5490,色情
5491,种族歧视
5492,色情
5493,政治敏感
5494,政治敏感
5495,色情
5496,种族歧视
5497,地域歧视
5498,政治敏感
5499,色情
5500,政治敏感
5501,宗教迷信
5502,种族歧视
5503,地域歧视
5504,微侵犯(MA)
5505,微侵犯(MA)
5506,微侵犯(MA)
5507,色情
5508,政治敏感
5509,地域歧视
5510,微侵犯(MA)
5511,微侵犯(MA)
5512,政治敏感
5513,政治敏感
5514,地域歧视
5515,犯罪
5516,政治敏感
5517,色情
5518,地域歧视
5519,犯罪
5520,种族歧视
5521,微侵犯(MA)
5522,微侵犯(MA)
5523,种族歧视
5524,政治敏感
5525,基于外表的刻板印象(SA)
5526,政治敏感
5527,政治敏感
5528,种族歧视
5529,地域歧视
5530,政治敏感
5531,种族歧视
5532,色情
5533,政治敏感
5534,地域歧视
5535,地域歧视
5536,政治敏感
5537,政治敏感
5538,地域歧视
5539,地域歧视
5540,地域歧视
5541,政治敏感
5542,色情
5543,犯罪
5544,政治敏感
5545,政治敏感
5546,政治敏感
5547,政治敏感
5548,政治敏感
5549,色情
5550,地域歧视
5551,性侵犯(SO)
5552,政治敏感
5553,地域歧视
5554,色情
5555,政治敏感
5556,地域歧视
5557,政治敏感
5558,政治敏感
5559,性侵犯(SO)
5560,地域歧视
5561,政治敏感
5562,政治敏感
5563,种族歧视
5564,地域歧视
5565,色情
5566,地域歧视
5567,种族歧视
5568,地域歧视
5569,种族歧视
5570,政治敏感
5571,色情
5572,政治敏感
5573,微侵犯(MA)
5574,地域歧视
5575,色情
5576,政治敏感
5577,政治敏感
5578,色情
5579,政治敏感
5580,地域歧视
5581,色情
5582,地域歧视
5583,色情
5584,地域歧视
5585,地域歧视
5586,基于外表的刻板印象(SA)
5587,色情
5588,地域歧视
5589,政治敏感
5590,色情
5591,色情
5592,犯罪
5593,政治敏感
5594,政治敏感
5595,政治敏感
5596,色情
5597,微侵犯(MA)
5598,地域歧视
5599,政治敏感
5600,犯罪
5601,色情
5602,基于文化背景的刻板印象(SCB)
5603,地域歧视
5604,微侵犯(MA)
5605,政治敏感
5606,地域歧视
5607,地域歧视
5608,微侵犯(MA)
5609,性侵犯(SO)
5610,色情
5611,政治敏感
5612,政治敏感
5613,政治敏感
5614,微侵犯(MA)
5615,政治敏感
5616,色情
5617,地域歧视
5618,微侵犯(MA)
5619,色情
5620,政治敏感
5621,色情
5622,色情
5623,地域歧视
5624,性别歧视
5625,政治敏感
5626,色情
5627,种族歧视
5628,政治敏感
5629,色情
5630,地域歧视
5631,政治敏感
5632,政治敏感
5633,性侵犯(SO)
5634,地域歧视
5635,微侵犯(MA)
5636,政治敏感
5637,色情
5638,色情
5639,地域歧视
5640,色情
5641,地域歧视
5642,地域歧视
5643,微侵犯(MA)
5644,色情
5645,无
5646,犯罪
5647,色情
5648,性侵犯(SO)
5649,性侵犯(SO)
5650,色情
5651,政治敏感
5652,色情
5653,性侵犯(SO)
5654,色情
5655,政治敏感
5656,色情
5657,地域歧视
5658,色情
5659,微侵犯(MA)
5660,色情
5661,政治敏感
5662,色情
5663,种族歧视
5664,地域歧视
5665,地域歧视
5666,政治敏感
5667,色情
5668,政治敏感
5669,政治敏感
5670,政治敏感
5671,色情
5672,政治敏感
5673,地域歧视
5674,地域歧视
5675,地域歧视
5676,无违禁词汇
5677,犯罪
5678,地域歧视
5679,色情
5680,地域歧视
5681,微侵犯(MA)
5682,色情
5683,地域歧视
5684,地域歧视
5685,性别歧视
5686,色情
5687,色情
5688,种族歧视
5689,种族歧视
5690,政治敏感
5691,微侵犯(MA)
5692,无违禁词汇
5693,地域歧视
5694,政治敏感
5695,色情
5696,政治敏感
5697,政治敏感
5698,微侵犯(MA)
5699,犯罪
5700,政治敏感
5701,色情
5702,微侵犯(MA)
5703,政治敏感
5704,地域歧视
5705,性侵犯(SO)
5706,地域歧视
5707,色情
5708,色情
5709,种族歧视
5710,色情
5711,地域歧视
5712,性侵犯(SO)
5713,色情
5714,政治敏感
5715,色情
5716,地域歧视
5717,微侵犯(MA)
5718,政治敏感
5719,微侵犯(MA)
5720,地域歧视
5721,种族歧视
5722,种族歧视
5723,政治敏感
5724,地域歧视
5725,地域歧视
5726,种族歧视
5727,地域歧视
5728,色情
5729,种族歧视
5730,微侵犯(MA)
5731,色情
5732,微侵犯(MA)
5733,微侵犯(MA)
5734,政治敏感
5735,色情
5736,地域歧视
5737,政治敏感
5738,色情
5739,地域歧视
5740,地域歧视
5741,地域歧视
5742,政治敏感
5743,政治敏感
5744,无违禁词汇
5745,地域歧视
5746,色情
5747,性侵犯(SO)
5748,地域歧视
5749,地域歧视
5750,色情
5751,地域歧视
5752,色情
5753,政治敏感
5754,政治敏感
5755,政治敏感
5756,色情
5757,地域歧视
5758,政治敏感
5759,微侵犯(MA)
5760,性侵犯(SO)
5761,微侵犯(MA)
5762,微侵犯(MA)
5763,微侵犯(MA)
5764,政治敏感
5765,地域歧视
5766,微侵犯(MA)
5767,政治敏感
5768,政治敏感
5769,政治敏感
5770,色情
5771,色情
5772,政治敏感
5773,地域歧视
5774,色情
5775,色情
5776,政治敏感
5777,色情
5778,政治敏感
5779,地域歧视
5780,地域歧视
5781,地域歧视
5782,微侵犯(MA)
5783,色情
5784,微侵犯(MA)
5785,色情
5786,色情
5787,地域歧视
5788,地域歧视
5789,政治敏感
5790,政治敏感
5791,地域歧视
5792,地域歧视
5793,地域歧视
5794,地域歧视
5795,地域歧视
5796,政治敏感
5797,微侵犯(MA)
5798,微侵犯(MA)
5799,政治敏感
5800,性侵犯(SO)
5801,政治敏感
5802,色情
5803,色情
5804,政治敏感
5805,地域歧视
5806,地域歧视
5807,微侵犯(MA)
5808,色情
5809,色情
5810,性侵犯(SO)
5811,微侵犯(MA)
5812,政治敏感
5813,政治敏感
5814,政治敏感
5815,政治敏感
5816,色情
5817,无违禁词汇
5818,政治敏感
5819,微侵犯(MA)
5820,政治敏感
5821,地域歧视
5822,政治敏感
5823,种族歧视
5824,微侵犯(MA)
5825,政治敏感
5826,地域歧视
5827,色情
5828,色情
5829,政治敏感
5830,色情
5831,政治敏感
5832,种族歧视
5833,色情
5834,色情
5835,地域歧视
5836,政治敏感
5837,宗教迷信
5838,色情
5839,种族歧视
5840,地域歧视
5841,色情
5842,政治敏感
5843,色情
5844,性侵犯(SO)
5845,政治敏感
5846,地域歧视
5847,政治敏感
5848,政治敏感
5849,政治敏感
5850,政治敏感
5851,政治敏感
5852,政治敏感
5853,地域歧视
5854,政治敏感
5855,性侵犯(SO)
5856,色情
5857,犯罪
5858,色情
5859,微侵犯(MA)
5860,色情
5861,微侵犯(MA)
5862,政治敏感
5863,色情
5864,政治敏感
5865,政治敏感
5866,性侵犯(SO)
5867,地域歧视
5868,地域歧视
5869,地域歧视
5870,政治敏感
5871,政治敏感
5872,微侵犯(MA)
5873,地域歧视
5874,种族歧视
5875,地域歧视
5876,微侵犯(MA)
5877,色情
5878,地域歧视
5879,政治敏感
5880,微侵犯(MA)
5881,微侵犯(MA)
5882,色情
5883,地域歧视
5884,宗教迷信
5885,色情
5886,无
5887,犯罪
5888,地域歧视
5889,地域歧视
5890,政治敏感
5891,政治敏感
5892,色情
5893,地域歧视
5894,政治敏感
5895,地域歧视
5896,政治敏感
5897,种族歧视
5898,犯罪
5899,政治敏感
5900,色情
5901,地域歧视
5902,地域歧视
5903,色情
5904,政治敏感
5905,宗教迷信
5906,色情
5907,地域歧视
5908,色情
5909,微侵犯(MA)
5910,政治敏感
5911,地域歧视
5912,地域歧视
5913,地域歧视
5914,地域歧视
5915,种族歧视
5916,政治敏感
5917,性侵犯(SO)
5918,政治敏感
5919,政治敏感
5920,地域歧视
5921,宗教迷信
5922,色情
5923,地域歧视
5924,政治敏感
5925,色情
5926,色情
5927,微侵犯(MA)
5928,色情
5929,地域歧视
5930,政治敏感
5931,色情
5932,政治敏感
5933,犯罪
5934,性侵犯(SO)
5935,地域歧视
5936,政治敏感
5937,种族歧视
5938,微侵犯(MA)
5939,地域歧视
5940,政治敏感
5941,色情
5942,政治敏感
5943,色情
5944,政治敏感
5945,政治敏感
5946,政治敏感
5947,政治敏感
5948,微侵犯(MA)
5949,地域歧视
5950,宗教迷信
5951,政治敏感
5952,地域歧视
5953,微侵犯(MA)
5954,政治敏感
5955,无
5956,性侵犯(SO)
5957,地域歧视
5958,种族歧视
5959,色情
5960,地域歧视
5961,政治敏感
5962,性侵犯(SO)
5963,政治敏感
5964,色情
5965,政治敏感
5966,政治敏感
5967,政治敏感
5968,地域歧视
5969,微侵犯(MA)
5970,政治敏感
5971,政治敏感
5972,政治敏感
5973,地域歧视
5974,色情
5975,地域歧视
5976,种族歧视
5977,地域歧视
5978,地域歧视
5979,无
5980,政治敏感
5981,色情
5982,地域歧视
5983,政治敏感
5984,地域歧视
5985,政治敏感
5986,基于外表的刻板印象(SA)
5987,地域歧视
5988,种族歧视
5989,政治敏感
5990,政治敏感
5991,微侵犯(MA)
5992,地域歧视
5993,政治敏感
5994,政治敏感
5995,色情
5996,政治敏感
5997,种族歧视
5998,政治敏感
5999,色情
6000,种族歧视
6001,地域歧视
6002,微侵犯(MA)
6003,色情
6004,政治敏感
6005,微侵犯(MA)
6006,地域歧视
6007,地域歧视
6008,色情
6009,政治敏感
6010,地域歧视
6011,地域歧视
6012,政治敏感
6013,政治敏感
6014,地域歧视
6015,微侵犯(MA)
6016,色情
6017,政治敏感
6018,地域歧视
6019,政治敏感
6020,政治敏感
6021,色情
6022,政治敏感
6023,地域歧视
6024,色情
6025,地域歧视
6026,政治敏感
6027,地域歧视
6028,政治敏感
6029,地域歧视
6030,色情
6031,地域歧视
6032,地域歧视
6033,政治敏感
6034,犯罪
6035,色情
6036,政治敏感
6037,种族歧视
6038,政治敏感
6039,地域歧视
6040,政治敏感
6041,色情
6042,地域歧视
6043,政治敏感
6044,政治敏感
6045,色情
6046,政治敏感
6047,政治敏感
6048,微侵犯(MA)
6049,色情
6050,色情
6051,微侵犯(MA)
6052,微侵犯(MA)
6053,政治敏感
6054,政治敏感
6055,政治敏感
6056,政治敏感
6057,政治敏感
6058,政治敏感
6059,色情
6060,色情
6061,色情
6062,政治敏感
6063,地域歧视
6064,地域歧视
6065,政治敏感
6066,地域歧视
6067,色情
6068,政治敏感
6069,地域歧视
6070,地域歧视
6071,地域歧视
6072,地域歧视
6073,地域歧视
6074,微侵犯(MA)
6075,微侵犯(MA)
6076,政治敏感
6077,地域歧视
6078,色情
6079,无
6080,政治敏感
6081,微侵犯(MA)
6082,政治敏感
6083,地域歧视
6084,政治敏感
6085,色情
6086,地域歧视
6087,政治敏感
6088,色情
6089,性侵犯(SO)
6090,政治敏感
6091,犯罪
6092,色情
6093,地域歧视
6094,政治敏感
6095,色情
6096,色情
6097,微侵犯(MA)
6098,政治敏感
6099,微侵犯(MA)
6100,地域歧视
6101,地域歧视
6102,政治敏感
6103,基于外表的刻板印象(SA)
6104,种族歧视
6105,性侵犯(SO)
6106,色情
6107,犯罪
6108,政治敏感
6109,色情
6110,政治敏感
6111,性侵犯(SO)
6112,政治敏感
6113,政治敏感
6114,微侵犯(MA)
6115,微侵犯(MA)
6116,地域歧视
6117,政治敏感
6118,基于外表的刻板印象(SA)
6119,色情
6120,政治敏感
6121,性侵犯(SO)
6122,地域歧视
6123,犯罪
6124,色情
6125,犯罪
6126,色情
6127,性侵犯(SO)
6128,地域歧视
6129,地域歧视
6130,地域歧视
6131,微侵犯(MA)
6132,地域歧视
6133,政治敏感
6134,地域歧视
6135,色情
6136,种族歧视
6137,地域歧视
6138,地域歧视
6139,微侵犯(MA)
6140,地域歧视
6141,地域歧视
6142,微侵犯(MA)
6143,地域歧视
6144,政治敏感
6145,宗教迷信
6146,政治敏感
6147,无
6148,色情
6149,政治敏感
6150,政治敏感
6151,无违禁词汇
6152,微侵犯(MA)
6153,色情
6154,政治敏感
6155,地域歧视
6156,地域歧视
6157,政治敏感
6158,政治敏感
6159,微侵犯(MA)
6160,种族歧视
6161,地域歧视
6162,地域歧视
6163,种族歧视
6164,地域歧视
6165,地域歧视
6166,地域歧视
6167,色情
6168,微侵犯(MA)
6169,地域歧视
6170,地域歧视
6171,性侵犯(SO)
6172,地域歧视
6173,地域歧视
6174,性侵犯(SO)
6175,政治敏感
6176,色情
6177,政治敏感
6178,政治敏感
6179,地域歧视
6180,政治敏感
6181,地域歧视
6182,地域歧视
6183,色情
6184,基于文化背景的刻板印象(SCB)
6185,色情
6186,政治敏感
6187,地域歧视
6188,色情
6189,政治敏感
6190,色情
6191,基于外表的刻板印象(SA)
6192,地域歧视
6193,政治敏感
6194,政治敏感
6195,种族歧视
6196,色情
6197,政治敏感
6198,地域歧视
6199,地域歧视
6200,地域歧视
6201,政治敏感
6202,地域歧视
6203,地域歧视
6204,色情
6205,无违禁词汇
6206,微侵犯(MA)
6207,政治敏感
6208,种族歧视
6209,地域歧视
6210,地域歧视
6211,政治敏感
6212,色情
6213,微侵犯(MA)
6214,色情
6215,犯罪
6216,性别歧视
6217,政治敏感
6218,色情
6219,色情
6220,色情
6221,政治敏感
6222,微侵犯(MA)
6223,政治敏感
6224,种族歧视
6225,性侵犯(SO)
6226,种族歧视
6227,政治敏感
6228,无
6229,政治敏感
6230,政治敏感
6231,政治敏感
6232,政治敏感
6233,地域歧视
6234,地域歧视
6235,政治敏感
6236,微侵犯(MA)
6237,政治敏感
6238,地域歧视
6239,性侵犯(SO)
6240,政治敏感
6241,政治敏感
6242,地域歧视
6243,色情
6244,色情
6245,色情
6246,微侵犯(MA)
6247,种族歧视
6248,微侵犯(MA)
6249,政治敏感
6250,地域歧视
6251,犯罪
6252,地域歧视
6253,地域歧视
6254,色情
6255,政治敏感
6256,微侵犯(MA)
6257,政治敏感
6258,无违禁词汇
6259,色情
6260,种族歧视
6261,种族歧视
6262,种族歧视
6263,政治敏感
6264,色情
6265,地域歧视
6266,政治敏感
6267,政治敏感
6268,地域歧视
6269,地域歧视
6270,微侵犯(MA)
6271,政治敏感
6272,宗教迷信
6273,地域歧视
6274,犯罪
6275,政治敏感
